Product_URL,Product_Image_URL,Product_Name,Original_Price,Discount_Price,Product_Description,Voucher,Sizes_Available,Available_Colors,Color_Shown,Style_Code,Rating_Score,Review_Count
https://www.nike.com/ph/t/tiempo-legend-10-elite-low-top-football-boot-F47h5D/DV4328-003,"https://static.nike.com/a/images/t_web_pw_592_v2/f_auto/u_9ddf04c7-2a9a-4d76-add1-d15af8f0263d,c_scale,fl_relative,w_1.0,h_1.0,fl_layer_apply/ba3d5431-7d4f-466f-992c-1adf5e2c1810/LEGEND+10+ELITE+FG.png",https://www.nike.com/ph/t/tiempo-legend-10-elite-low-top-football-boot-F47h5D/DV4328-003,19180.2,17262.96
https://www.nike.com/ph/t/dri-fit-adv-rise-structured-swooshflex-cap-kcTlKG/FB5633-010,"https://static.nike.com/a/images/t_web_pw_592_v2/f_auto/u_9ddf04c7-2a9a-4d76-add1-d15af8f0263d,c_scale,fl_relative,w_1.0,h_1.0,fl_layer_apply/c74ac236-14c7-49ed-9ec5-d633e50ddb9e/U+NK+DFADV+RISE+CAP+S+AB+SF+P.png",https://www.nike.com/ph/t/dri-fit-adv-rise-structured-swooshflex-cap-kcTlKG/FB5633-010,2020.2,1414.92
https://www.nike.com/ph/t/calm-slides-K7mr3W/FD4116-201,"https://static.nike.com/a/images/t_web_pw_592_v2/f_auto/u_9ddf04c7-2a9a-4d76-add1-d15af8f0263d,c_scale,fl_relative,w_1.0,h_1.0,fl_layer_apply/18da855d-351f-4fc5-82bd-74fc40bd3f40/NIKE+CALM+SLIDE.png",https://www.nike.com/ph/t/calm-slides-K7mr3W/FD4116-201,4048.2,2428.92
https://www.nike.com/ph/t/sportswear-futura-365-faux-fur-cross-body-bag-4PT5l5/FZ1326-010,"https://static.nike.com/a/images/t_web_pw_592_v2/f_auto/u_9ddf04c7-2a9a-4d76-add1-d15af8f0263d,c_scale,fl_relative,w_1.0,h_1.0,fl_layer_apply/62c9118e-28f1-484d-857c-c9528010d23f/NK+NSW+FTRA+365+FUR+CRSBY.png",https://www.nike.com/ph/t/sportswear-futura-365-faux-fur-cross-body-bag-4PT5l5/FZ1326-010,2488.2,1368.12
https://www.nike.com/ph/t/sportswear-futura-365-cross-body-bag-PExW1jWH/HV6621-126,"https://static.nike.com/a/images/t_web_pw_592_v2/f_auto/u_9ddf04c7-2a9a-4d76-add1-d15af8f0263d,c_scale,fl_relative,w_1.0,h_1.0,fl_layer_apply/45531540-031a-4cc8-a61e-a9f9b1f2e83f/W+NSW+FUTURA+365+CRSSBDY-SWIRL.png",https://www.nike.com/ph/t/sportswear-futura-365-cross-body-bag-PExW1jWH/HV6621-126,2176.2,1740.96
https://www.nike.com/ph/t/pegasus-easyon-road-running-shoes-NMBl5l/FQ7837-002,"https://static.nike.com/a/images/t_web_pw_592_v2/f_auto/u_9ddf04c7-2a9a-4d76-add1-d15af8f0263d,c_scale,fl_relative,w_1.0,h_1.0,fl_layer_apply/31c82b86-3a33-4d54-88d9-cd52ebcfb5b2/PEGASUS+EASYON.png",https://www.nike.com/ph/t/pegasus-easyon-road-running-shoes-NMBl5l/FQ7837-002,11536.2,8076.12
https://www.nike.com/ph/t/air-max-nova-younger-shoes-0S7DfR/FN4459-004,"https://static.nike.com/a/images/t_web_pw_592_v2/f_auto/u_9ddf04c7-2a9a-4d76-add1-d15af8f0263d,c_scale,fl_relative,w_1.0,h_1.0,fl_layer_apply/8e94657f-7c90-4c2b-9362-bba1874c5699/NIKE+AIR+MAX+NOVA+%28PS%29.png",https://www.nike.com/ph/t/air-max-nova-younger-shoes-0S7DfR/FN4459-004,5218.2,3130.92
https://www.nike.com/ph/t/jordan-jumpman-pro-adjustable-cap-4pxLGP/FV5296-011,"https://static.nike.com/a/images/t_web_pw_592_v2/f_auto/u_126ab356-44d8-4a06-89b4-fcdcc8df0245,c_scale,fl_relative,w_1.0,h_1.0,fl_layer_apply/97496ae9-4811-4704-bdf5-a4683ac45376/U+J+PRO+CAP+S+FB+JUMPMAN.png",https://www.nike.com/ph/t/jordan-jumpman-pro-adjustable-cap-4pxLGP/FV5296-011,2020.2,1616.16
https://www.nike.com/ph/t/v2k-run-shoes-with-reflective-design-accents-zJV8TV/FD0736-011,"https://static.nike.com/a/images/t_web_pw_592_v2/f_auto/u_9ddf04c7-2a9a-4d76-add1-d15af8f0263d,c_scale,fl_relative,w_1.0,h_1.0,fl_layer_apply/31e65a53-8983-43e2-a617-37b500600d5e/W+NIKE+V2K+RUN.png",https://www.nike.com/ph/t/v2k-run-shoes-with-reflective-design-accents-zJV8TV/FD0736-011,10756.2,9681.36
https://www.nike.com/ph/t/sportswear-futura-365-cross-body-bag-dMg0TV/CW9300-016,"https://static.nike.com/a/images/t_web_pw_592_v2/f_auto/u_9ddf04c7-2a9a-4d76-add1-d15af8f0263d,c_scale,fl_relative,w_1.0,h_1.0,fl_layer_apply/5c2c7217-179b-46be-860c-d84180720b39/W+NSW+FUTURA+365+CROSSBODY.png",https://www.nike.com/ph/t/sportswear-futura-365-cross-body-bag-dMg0TV/CW9300-016,1864.2,1491.36
https://www.nike.com/ph/t/court-borough-low-recraft-younger-shoes-bbnBNv/HM6298-480,"https://static.nike.com/a/images/t_web_pw_592_v2/f_auto/u_9ddf04c7-2a9a-4d76-add1-d15af8f0263d,c_scale,fl_relative,w_1.0,h_1.0,fl_layer_apply/ec8d5887-fa76-4468-a7fe-1c892f80db9a/COURT+BOROUGH+LOW+RECRAFT+%28PS%29.png",https://www.nike.com/ph/t/court-borough-low-recraft-younger-shoes-bbnBNv/HM6298-480,3736.2,2988.96
https://www.nike.com/ph/t/court-borough-low-recraft-shoes-3JT7d2/HM6300-480,"https://static.nike.com/a/images/t_web_pw_592_v2/f_auto/u_9ddf04c7-2a9a-4d76-add1-d15af8f0263d,c_scale,fl_relative,w_1.0,h_1.0,fl_layer_apply/2f1b6974-1012-4a7e-b334-67f838a21156/COURT+BOROUGH+LOW+RECRAFT+TD.png",https://www.nike.com/ph/t/court-borough-low-recraft-shoes-3JT7d2/HM6300-480,2956.2,2364.96
https://www.nike.com/ph/t/jordan-dri-fit-sport-woven-shorts-SS5zTZ/FN5842-010,"https://static.nike.com/a/images/t_web_pw_592_v2/f_auto/u_126ab356-44d8-4a06-89b4-fcdcc8df0245,c_scale,fl_relative,w_1.0,h_1.0,fl_layer_apply/e72beb41-17ed-451d-8319-0ea33f2744cc/M+J+DF+SPRT+WOVEN+SHORT.png",https://www.nike.com/ph/t/jordan-dri-fit-sport-woven-shorts-SS5zTZ/FN5842-010,2332.2,1865.76
https://www.nike.com/ph/t/precision-7-easyon-basketball-shoes-LAiAX18O/FN0324-101,"https://static.nike.com/a/images/t_web_pw_592_v2/f_auto/u_9ddf04c7-2a9a-4d76-add1-d15af8f0263d,c_scale,fl_relative,w_1.0,h_1.0,fl_layer_apply/a036ea50-1ff8-4c99-8c38-6ea3a4e3ca45/NIKE+PRECISION+VII+EASYON.png",https://www.nike.com/ph/t/precision-7-easyon-basketball-shoes-LAiAX18O/FN0324-101,5764.2,4611.36
https://www.nike.com/ph/t/air-max-portal-shoes-JDRVJw/HF3053-016,"https://static.nike.com/a/images/t_web_pw_592_v2/f_auto/u_9ddf04c7-2a9a-4d76-add1-d15af8f0263d,c_scale,fl_relative,w_1.0,h_1.0,fl_layer_apply/f6463f6b-06bd-484f-a1c4-224013e3282f/W+NIKE+AIR+MAX+PORTAL.png",https://www.nike.com/ph/t/air-max-portal-shoes-JDRVJw/HF3053-016,9664.2,5798.52
https://www.nike.com/ph/t/air-max-dn-shoes-FtLNfm/DV3337-101,"https://static.nike.com/a/images/t_web_pw_592_v2/f_auto/u_9ddf04c7-2a9a-4d76-add1-d15af8f0263d,c_scale,fl_relative,w_1.0,h_1.0,fl_layer_apply/a710787c-70eb-489b-a37a-8c5d3d0f3fc2/AIR+MAX+DN.png",https://www.nike.com/ph/t/air-max-dn-shoes-FtLNfm/DV3337-101,13096.2,10476.96
https://www.nike.com/ph/t/pacific-shoes-c7GpAPm7/HQ2052-800,"https://static.nike.com/a/images/t_web_pw_592_v2/f_auto/u_9ddf04c7-2a9a-4d76-add1-d15af8f0263d,c_scale,fl_relative,w_1.0,h_1.0,fl_layer_apply/165bf3a7-7ce5-4cd7-98a7-0d5c6ead1e77/NIKE+PACIFIC.png",https://www.nike.com/ph/t/pacific-shoes-c7GpAPm7/HQ2052-800,6700.2,4020.12
https://www.nike.com/ph/t/golden-state-warriors-authentics-dri-fit-nba-training-t-shirt-XRGIaBeF/IB3577-495,"https://static.nike.com/a/images/t_web_pw_592_v2/f_auto/u_9ddf04c7-2a9a-4d76-add1-d15af8f0263d,c_scale,fl_relative,w_1.0,h_1.0,fl_layer_apply/59d92485-5b05-434c-86c0-efccadbdbf98/GSW+M+NK+AUTH+PRTC+SS+TEE.png",https://www.nike.com/ph/t/golden-state-warriors-authentics-dri-fit-nba-training-t-shirt-XRGIaBeF/IB3577-495,3112.2,2179.32
https://www.nike.com/ph/t/air-max-alpha-trainer-6-workout-shoes-k6sbg6/FQ1833-003,"https://static.nike.com/a/images/t_web_pw_592_v2/f_auto/u_9ddf04c7-2a9a-4d76-add1-d15af8f0263d,c_scale,fl_relative,w_1.0,h_1.0,fl_layer_apply/7950683b-d4f5-48a0-aa80-ef089b4d8e6f/M+AIR+MAX+ALPHA+TRAINER+6.png",https://www.nike.com/ph/t/air-max-alpha-trainer-6-workout-shoes-k6sbg6/FQ1833-003,7792.2,4285.32
https://www.nike.com/ph/t/pro-training-dri-fit-short-sleeve-top-NmOsu1qh/HV0410-551,https://static.nike.com/a/images/t_web_pw_592_v2/f_auto/5fb8358a-d338-4777-8777-4ebd1ba5bfb2/AS+M+NP+DF+NPT+SS+TOP.png,https://www.nike.com/ph/t/pro-training-dri-fit-short-sleeve-top-NmOsu1qh/HV0410-551,2800.2,1680.12
https://www.nike.com/ph/t/jordan-sport-dri-fit-graphic-shorts-V7UPseUL/HQ8665-891,"https://static.nike.com/a/images/t_web_pw_592_v2/f_auto/u_126ab356-44d8-4a06-89b4-fcdcc8df0245,c_scale,fl_relative,w_1.0,h_1.0,fl_layer_apply/557bfc92-2f51-408f-83c5-d063df7bfa3a/M+J+DF+SPRT+GFX+SHORT.png",https://www.nike.com/ph/t/jordan-sport-dri-fit-graphic-shorts-V7UPseUL/HQ8665-891,3112.2,1867.32
https://www.nike.com/ph/t/free-metcon-6-workout-shoes-Q3pWcF/FJ7126-605,"https://static.nike.com/a/images/t_web_pw_592_v2/f_auto/u_9ddf04c7-2a9a-4d76-add1-d15af8f0263d,c_scale,fl_relative,w_1.0,h_1.0,fl_layer_apply/d28135ab-8438-412e-a7a6-3c8a05c5a4b7/W+NIKE+FREE+METCON+6.png",https://www.nike.com/ph/t/free-metcon-6-workout-shoes-Q3pWcF/FJ7126-605,10756.2,7530.12
https://www.nike.com/ph/t/court-shot-shoes-ZfRXql/FQ8146-111,"https://static.nike.com/a/images/t_web_pw_592_v2/f_auto/u_9ddf04c7-2a9a-4d76-add1-d15af8f0263d,c_scale,fl_relative,w_1.0,h_1.0,fl_layer_apply/aa94c91b-b33a-4ef2-98ff-eca69cada0f1/COURT+SHOT.png",https://www.nike.com/ph/t/court-shot-shoes-ZfRXql/FQ8146-111,6388.2,4472.52
https://www.nike.com/ph/t/revolution-8-road-running-shoes-Qt2b11/HJ8485-300,"https://static.nike.com/a/images/t_web_pw_592_v2/f_auto/u_9ddf04c7-2a9a-4d76-add1-d15af8f0263d,c_scale,fl_relative,w_1.0,h_1.0,fl_layer_apply/c0a4c865-1a95-4df0-86aa-24eea082a841/W+NIKE+REVOLUTION+8.png",https://www.nike.com/ph/t/revolution-8-road-running-shoes-Qt2b11/HJ8485-300,5140.2,3598.92
https://www.nike.com/ph/t/los-angeles-lakers-courtside-windrunner-nba-anorak-jacket-AQMag6oV/HM8527-504,https://static.nike.com/a/images/t_web_pw_592_v2/f_auto/1669269b-99a0-4c08-994d-6989af786596/LAL+MNK+WR+ANORAK+CTS.png,https://www.nike.com/ph/t/los-angeles-lakers-courtside-windrunner-nba-anorak-jacket-AQMag6oV/HM8527-504,6388.2,3832.92
https://www.nike.com/ph/t/dri-fit-one-mid-rise-8cm-2-in-1-shorts-VhXdqf/DX6013-010,https://static.nike.com/a/images/t_web_pw_592_v2/f_auto/bf4a3778-e281-4db9-b9bb-945e1063049c/AS+W+NK+ONE+DF+MR+3IN+2N1+SRT.png,https://www.nike.com/ph/t/dri-fit-one-mid-rise-8cm-2-in-1-shorts-VhXdqf/DX6013-010,3112.2,2801.76
https://www.nike.com/ph/t/air-max-nuaxis-shoes-M51F5J/FD4329-101,"https://static.nike.com/a/images/t_web_pw_592_v2/f_auto/u_9ddf04c7-2a9a-4d76-add1-d15af8f0263d,c_scale,fl_relative,w_1.0,h_1.0,fl_layer_apply/b0b708c3-6f11-451d-94cb-eebbe3b12e6c/NIKE+AIR+MAX+NUAXIS.png",https://www.nike.com/ph/t/air-max-nuaxis-shoes-M51F5J/FD4329-101,7792.2,4285.32
https://www.nike.com/ph/t/dri-fit-club-unstructured-metal-swoosh-cap-xcdL1Q/FB5064-663,"https://static.nike.com/a/images/t_web_pw_592_v2/f_auto/u_9ddf04c7-2a9a-4d76-add1-d15af8f0263d,c_scale,fl_relative,w_1.0,h_1.0,fl_layer_apply/14af1b6a-157a-46a4-991e-e0cbb70c7185/K+NK+DF+CLUB+CAP+US+CB+MTSWSH.png",https://www.nike.com/ph/t/dri-fit-club-unstructured-metal-swoosh-cap-xcdL1Q/FB5064-663,1240.2,992.16
https://www.nike.com/ph/t/jordan-sport-crossover-dri-fit-fleece-trousers-zcQMCB/FV8608-010,"https://static.nike.com/a/images/t_web_pw_592_v2/f_auto/u_126ab356-44d8-4a06-89b4-fcdcc8df0245,c_scale,fl_relative,w_1.0,h_1.0,fl_layer_apply/77370b70-134d-4dbf-a204-d6635e206ca2/M+J+DF+SPRT+CSVR+FLC+PANT.png",https://www.nike.com/ph/t/jordan-sport-crossover-dri-fit-fleece-trousers-zcQMCB/FV8608-010,4984.2,2990.52
https://www.nike.com/ph/t/aura-backpack-UzJzow8p/HF7007-415,"https://static.nike.com/a/images/t_web_pw_592_v2/f_auto/u_9ddf04c7-2a9a-4d76-add1-d15af8f0263d,c_scale,fl_relative,w_1.0,h_1.0,fl_layer_apply/4b3773ed-527c-46d1-83aa-a6ad26c7fd76/NK+AURA+BKPK.png",https://www.nike.com/ph/t/aura-backpack-UzJzow8p/HF7007-415,5140.2,3084.12
https://www.nike.com/ph/t/nikecourt-dri-fit-tennis-polo-xQtSz0/DH0858-010,https://static.nike.com/a/images/t_web_pw_592_v2/f_auto/11a67992-bab3-4d40-90d5-21fd42a750ef/AS+M+NKCT+DF+POLO+SOLID.png,https://www.nike.com/ph/t/nikecourt-dri-fit-tennis-polo-xQtSz0/DH0858-010,2956.2,2369.64
https://www.nike.com/ph/t/kobe-older-dri-fit-max90-t-shirt-QhmVKcKr/IM0322-504,https://static.nike.com/a/images/t_web_pw_592_v2/f_auto/d02d9ca9-509c-40cf-8836-67abc2176cd8/KB+K+NK+DF+TEE+M90+HBR.png,https://www.nike.com/ph/t/kobe-older-dri-fit-max90-t-shirt-QhmVKcKr/IM0322-504,1786.2,1608.36
https://www.nike.com/ph/t/promina-walking-shoes-CsDWSZ/FV6343-008,"https://static.nike.com/a/images/t_web_pw_592_v2/f_auto/u_9ddf04c7-2a9a-4d76-add1-d15af8f0263d,c_scale,fl_relative,w_1.0,h_1.0,fl_layer_apply/3b3b9fd8-fe3f-43c5-b3ec-8596fc5ba6e0/W+NIKE+PROMINA.png",https://www.nike.com/ph/t/promina-walking-shoes-CsDWSZ/FV6343-008,5140.2,4112.16
https://www.nike.com/ph/t/gt-hustle-3-basketball-shoes-ZqrKK4/FV5953-402,"https://static.nike.com/a/images/t_web_pw_592_v2/f_auto/u_9ddf04c7-2a9a-4d76-add1-d15af8f0263d,c_scale,fl_relative,w_1.0,h_1.0,fl_layer_apply/0533bff5-d9af-4ad3-9fc0-4963d47d22cc/G.T.+HUSTLE+3.png",https://www.nike.com/ph/t/gt-hustle-3-basketball-shoes-ZqrKK4/FV5953-402,16060.2,8832.72
https://www.nike.com/ph/t/reina-easyon-shoes-N5nSDh/FN0345-001,"https://static.nike.com/a/images/t_web_pw_592_v2/f_auto/u_9ddf04c7-2a9a-4d76-add1-d15af8f0263d,c_scale,fl_relative,w_1.0,h_1.0,fl_layer_apply/89d9d8a8-9f32-48f1-98f4-431eafe60b7b/NIKE+REINA+EASYON.png",https://www.nike.com/ph/t/reina-easyon-shoes-N5nSDh/FN0345-001,12316.2,6773.52
https://www.nike.com/ph/t/air-max-dn-se-shoes-C8vJHfE9/HF5531-500,"https://static.nike.com/a/images/t_web_pw_592_v2/f_auto/u_9ddf04c7-2a9a-4d76-add1-d15af8f0263d,c_scale,fl_relative,w_1.0,h_1.0,fl_layer_apply/8da9755c-06c6-4bcb-b5f7-13a6b9b5dda4/AIR+MAX+DN+SE.png",https://www.nike.com/ph/t/air-max-dn-se-shoes-C8vJHfE9/HF5531-500,15124.2,9074.52
https://www.nike.com/ph/t/cosmic-runner-younger-shoes-LzvmDx/HM4400-602,"https://static.nike.com/a/images/t_web_pw_592_v2/f_auto/u_9ddf04c7-2a9a-4d76-add1-d15af8f0263d,c_scale,fl_relative,w_1.0,h_1.0,fl_layer_apply/1318a33b-4e94-4810-ba24-38dcbf869610/NIKE+COSMIC+RUNNER+%28PSV%29.png",https://www.nike.com/ph/t/cosmic-runner-younger-shoes-LzvmDx/HM4400-602,4048.2,3238.56
https://www.nike.com/ph/t/pegasus-trail-5-trail-running-shoes-1NsktP/DV3865-010,"https://static.nike.com/a/images/t_web_pw_592_v2/f_auto/u_9ddf04c7-2a9a-4d76-add1-d15af8f0263d,c_scale,fl_relative,w_1.0,h_1.0,fl_layer_apply/3131cf98-9fdb-44c8-b207-209a13576fd2/W+NIKE+REACTX+PEGASUS+TRAIL+5.png",https://www.nike.com/ph/t/pegasus-trail-5-trail-running-shoes-1NsktP/DV3865-010,12316.2,8622.12
https://www.nike.com/ph/t/jordan-club-unstructured-hat-8NF8q7/FZ2020-687,"https://static.nike.com/a/images/t_web_pw_592_v2/f_auto/u_126ab356-44d8-4a06-89b4-fcdcc8df0245,c_scale,fl_relative,w_1.0,h_1.0,fl_layer_apply/653e4de3-39ab-4699-9b34-5edb02060768/U+J+DF+CLUB+CAP+US+CB.png",https://www.nike.com/ph/t/jordan-club-unstructured-hat-8NF8q7/FZ2020-687,2020.2,1212.12
https://www.nike.com/ph/t/air-max-muse-shoes-9fGnrT/FV1920-005,"https://static.nike.com/a/images/t_web_pw_592_v2/f_auto/u_9ddf04c7-2a9a-4d76-add1-d15af8f0263d,c_scale,fl_relative,w_1.0,h_1.0,fl_layer_apply/1ff3c1a9-4397-47d5-9bb1-336a5dbb81f8/WMNS+NIKE+AIR+MAX+MUSE.png",https://www.nike.com/ph/t/air-max-muse-shoes-9fGnrT/FV1920-005,13096.2,7857.72
https://www.nike.com/ph/t/gym-tote-GcMSHX/DR7217-009,"https://static.nike.com/a/images/t_web_pw_592_v2/f_auto/u_9ddf04c7-2a9a-4d76-add1-d15af8f0263d,c_scale,fl_relative,w_1.0,h_1.0,fl_layer_apply/cd78741a-9a98-40fb-9959-c9564f3df913/NK+GYM+TOTE.png",https://www.nike.com/ph/t/gym-tote-GcMSHX/DR7217-009,3112.2,2489.76
https://www.nike.com/ph/t/promina-walking-shoes-Kg14nw/FV5285-012,"https://static.nike.com/a/images/t_web_pw_592_v2/f_auto/u_9ddf04c7-2a9a-4d76-add1-d15af8f0263d,c_scale,fl_relative,w_1.0,h_1.0,fl_layer_apply/d9c99b92-b52a-48ed-8733-aac687f9888c/M+NIKE+PROMINA.png",https://www.nike.com/ph/t/promina-walking-shoes-Kg14nw/FV5285-012,5140.2,4626.96
https://www.nike.com/ph/t/cosmic-runner-older-road-running-shoes-6CRphQJR/HM4402-403,"https://static.nike.com/a/images/t_web_pw_592_v2/f_auto/u_9ddf04c7-2a9a-4d76-add1-d15af8f0263d,c_scale,fl_relative,w_1.0,h_1.0,fl_layer_apply/96c8bfd3-6f0b-48a9-af6e-7138a213514d/NIKE+COSMIC+RUNNER+%28GS%29.png",https://www.nike.com/ph/t/cosmic-runner-older-road-running-shoes-6CRphQJR/HM4402-403,4516.2,2709.72
https://www.nike.com/ph/t/sportswear-futura-365-mini-backpack-FnZo4yWz/HV6622-126,"https://static.nike.com/a/images/t_web_pw_592_v2/f_auto/u_9ddf04c7-2a9a-4d76-add1-d15af8f0263d,c_scale,fl_relative,w_1.0,h_1.0,fl_layer_apply/eaeb5c40-e991-419e-a49d-128c8d1cd958/W+NSW+FUTURA365+MINI+BPK-SWIRL.png",https://www.nike.com/ph/t/sportswear-futura-365-mini-backpack-FnZo4yWz/HV6622-126,2800.2,2240.16
https://www.nike.com/ph/t/kobe-dri-fit-basketball-t-shirt-gq1IUIZA/IM0315-504,https://static.nike.com/a/images/t_web_pw_592_v2/f_auto/47849ba9-5cf7-4916-bca5-c7d111a95ff0/AS+KB+M+NK+DF+TEE+M90+LBR.png,https://www.nike.com/ph/t/kobe-dri-fit-basketball-t-shirt-gq1IUIZA/IM0315-504,3112.2,2489.76
https://www.nike.com/ph/t/aura-cross-body-bag-BleufK2t/HV6626-229,"https://static.nike.com/a/images/t_web_pw_592_v2/f_auto/u_9ddf04c7-2a9a-4d76-add1-d15af8f0263d,c_scale,fl_relative,w_1.0,h_1.0,fl_layer_apply/97218a7d-ad14-4207-a6e5-da0da2d1934e/NK+AURA+WAISTPACK-CORD.png",https://www.nike.com/ph/t/aura-cross-body-bag-BleufK2t/HV6626-229,2956.2,2364.96
https://www.nike.com/ph/t/cosmic-runner-older-road-running-shoes-cbWZ1K/HM4402-602,"https://static.nike.com/a/images/t_web_pw_592_v2/f_auto/u_9ddf04c7-2a9a-4d76-add1-d15af8f0263d,c_scale,fl_relative,w_1.0,h_1.0,fl_layer_apply/b2d6cea3-880e-4019-a2ff-5975c1929dc8/NIKE+COSMIC+RUNNER+%28GS%29.png",https://www.nike.com/ph/t/cosmic-runner-older-road-running-shoes-cbWZ1K/HM4402-602,4516.2,2483.52
https://www.nike.com/ph/t/dunk-low-next-nature-shoes-wbxcmN/DD1873-602,"https://static.nike.com/a/images/t_web_pw_592_v2/f_auto/u_9ddf04c7-2a9a-4d76-add1-d15af8f0263d,c_scale,fl_relative,w_1.0,h_1.0,fl_layer_apply/ba792dac-e1b3-435a-8d45-473651f21c32/W+NIKE+DUNK+LOW+NEXT+NATURE.png",https://www.nike.com/ph/t/dunk-low-next-nature-shoes-wbxcmN/DD1873-602,9196.2,5517.72
https://www.nike.com/ph/t/stride-dri-fit-18cm-brief-lined-printed-running-shorts-cXSjVEIM/IH4513-011,https://static.nike.com/a/images/t_web_pw_592_v2/f_auto/c3aa7ff5-7daa-45ce-9ee8-c21549e979e5/AS+M+NK+DF+STRIDE+7IN+BF+SHRT.png,https://www.nike.com/ph/t/stride-dri-fit-18cm-brief-lined-printed-running-shorts-cXSjVEIM/IH4513-011,4048.2,3238.56
https://www.nike.com/ph/t/247-perfectstretch-dri-fit-high-waisted-loose-pleated-skort-C7pfLTmS/IB2347-010,https://static.nike.com/a/images/t_web_pw_592_v2/f_auto/f89b8b80-56cf-44f6-b1b2-15a2c63ef2a4/AS+W+NK+24.7+DF+PLEATED+SKORT.png,https://www.nike.com/ph/t/247-perfectstretch-dri-fit-high-waisted-loose-pleated-skort-C7pfLTmS/IB2347-010,5140.2,3084.12
https://www.nike.com/ph/t/mercurial-superfly-10-elite-high-top-football-boot-Snwv27/FQ1454-600,"https://static.nike.com/a/images/t_web_pw_592_v2/f_auto/u_9ddf04c7-2a9a-4d76-add1-d15af8f0263d,c_scale,fl_relative,w_1.0,h_1.0,fl_layer_apply/2f3c8df1-a260-436d-a1d6-c4cce2472c0f/ZM+SUPERFLY+10+ELITE+FG.png",https://www.nike.com/ph/t/mercurial-superfly-10-elite-high-top-football-boot-Snwv27/FQ1454-600,23236.2,18588.96
https://www.nike.com/ph/t/trail-second-sunrise-12-5cm-dri-fit-adv-brief-lined-running-shorts-50blFF/HJ3573-010,https://static.nike.com/a/images/t_web_pw_592_v2/f_auto/4a09c1f4-757c-49cd-8fe2-e8b274bc5b5b/AS+M+NK+DFADV+SCND+SNRSE+5BF+S.png,https://www.nike.com/ph/t/trail-second-sunrise-12-5cm-dri-fit-adv-brief-lined-running-shorts-50blFF/HJ3573-010,4516.2,4065.36
https://www.nike.com/ph/t/heritage-backpack-d9EtJqou/HV6611-133,"https://static.nike.com/a/images/t_web_pw_592_v2/f_auto/u_9ddf04c7-2a9a-4d76-add1-d15af8f0263d,c_scale,fl_relative,w_1.0,h_1.0,fl_layer_apply/bc461c44-d0e7-4b19-9bae-9ff20d585548/NK+HERITGE+BKPK-AIRBRUSH.png",https://www.nike.com/ph/t/heritage-backpack-d9EtJqou/HV6611-133,2800.2,2240.16
https://www.nike.com/ph/t/jordan-heir-series-pf-be-seen-basketball-shoes-GJ3GG7/FZ2473-601,"https://static.nike.com/a/images/t_web_pw_592_v2/f_auto/u_126ab356-44d8-4a06-89b4-fcdcc8df0245,c_scale,fl_relative,w_1.0,h_1.0,fl_layer_apply/228eaa30-3099-4007-a518-efd934ec03ae/WMNS+JORDAN+HEIR+SERIES+PF.png",https://www.nike.com/ph/t/jordan-heir-series-pf-be-seen-basketball-shoes-GJ3GG7/FZ2473-601,9664.2,5798.52
https://www.nike.com/ph/t/journey-run-road-running-shoes-Q5kF8v/FN0228-001,"https://static.nike.com/a/images/t_web_pw_592_v2/f_auto/u_9ddf04c7-2a9a-4d76-add1-d15af8f0263d,c_scale,fl_relative,w_1.0,h_1.0,fl_layer_apply/51617258-d7d7-43ce-b2b2-74da0c9e0352/NIKE+JOURNEY+RUN.png",https://www.nike.com/ph/t/journey-run-road-running-shoes-Q5kF8v/FN0228-001,7792.2,6238.44
https://www.nike.com/ph/t/calm-slides-T7qMVF/DX4816-001,"https://static.nike.com/a/images/t_web_pw_592_v2/f_auto/u_9ddf04c7-2a9a-4d76-add1-d15af8f0263d,c_scale,fl_relative,w_1.0,h_1.0,fl_layer_apply/160957be-395d-47a0-a5dc-b061a77033f4/W+NIKE+CALM+SLIDE.png",https://www.nike.com/ph/t/calm-slides-T7qMVF/DX4816-001,4048.2,3238.56
https://www.nike.com/ph/t/bella-7-workout-shoes-2912BV/FZ1689-106,"https://static.nike.com/a/images/t_web_pw_592_v2/f_auto/u_9ddf04c7-2a9a-4d76-add1-d15af8f0263d,c_scale,fl_relative,w_1.0,h_1.0,fl_layer_apply/251f1c37-abb7-4f22-a5ee-c29a59cb1f39/W+NIKE+AIR+ZOOM+BELLA+7.png",https://www.nike.com/ph/t/bella-7-workout-shoes-2912BV/FZ1689-106,8104.2,4862.52
https://www.nike.com/ph/t/dri-fit-club-structured-metal-logo-cap-5MrZzL/FB5371-113,"https://static.nike.com/a/images/t_web_pw_592_v2/f_auto/u_9ddf04c7-2a9a-4d76-add1-d15af8f0263d,c_scale,fl_relative,w_1.0,h_1.0,fl_layer_apply/8222da33-9de3-4309-a166-d9e68b74926a/U+NK+DF+CLUB+CAP+S+CB+MTFUT+L.png",https://www.nike.com/ph/t/dri-fit-club-structured-metal-logo-cap-5MrZzL/FB5371-113,1630.2,1304.16
https://www.nike.com/ph/t/dunk-low-shoes-h39vND/HJ7673-101,"https://static.nike.com/a/images/t_web_pw_592_v2/f_auto/u_9ddf04c7-2a9a-4d76-add1-d15af8f0263d,c_scale,fl_relative,w_1.0,h_1.0,fl_layer_apply/78a62416-5fc7-49b3-a9e7-c012de626ee8/WMNS+NIKE+DUNK+LOW.png",https://www.nike.com/ph/t/dunk-low-shoes-h39vND/HJ7673-101,9664.2,5798.52
https://www.nike.com/ph/t/trail-second-sunrise-12-5cm-dri-fit-adv-brief-lined-running-shorts-MOxS7qsQ/HJ3573-017,https://static.nike.com/a/images/t_web_pw_592_v2/f_auto/b85e8389-a46f-4036-867a-5eb284cb8143/AS+M+NK+DFADV+SCND+SNRSE+5BF+S.png,https://www.nike.com/ph/t/trail-second-sunrise-12-5cm-dri-fit-adv-brief-lined-running-shorts-MOxS7qsQ/HJ3573-017,4516.2,3612.96
https://www.nike.com/ph/t/cosmic-runner-shoes-a0iDdPrX/HM4401-403,"https://static.nike.com/a/images/t_web_pw_592_v2/f_auto/u_9ddf04c7-2a9a-4d76-add1-d15af8f0263d,c_scale,fl_relative,w_1.0,h_1.0,fl_layer_apply/21258843-2b9d-4296-8c77-171499a80b20/NIKE+COSMIC+RUNNER+%28TD%29.png",https://www.nike.com/ph/t/cosmic-runner-shoes-a0iDdPrX/HM4401-403,3580.2,2148.12
https://www.nike.com/ph/t/paris-saint-germain-2024-25-stadium-home-dri-fit-football-replica-shirt-8s7qcc/FN8795-411,https://static.nike.com/a/images/t_web_pw_592_v2/f_auto/ae3a80f2-2c76-42ce-966b-c2e39e2c70b9/PSG+M+NK+DF+JSY+SS+STAD+HM.png,https://www.nike.com/ph/t/paris-saint-germain-2024-25-stadium-home-dri-fit-football-replica-shirt-8s7qcc/FN8795-411,5608.2,3926.52
https://www.nike.com/ph/t/flex-plus-2-older-running-shoes-PbFFJC/DV8999-003,"https://static.nike.com/a/images/t_web_pw_592_v2/f_auto/u_9ddf04c7-2a9a-4d76-add1-d15af8f0263d,c_scale,fl_relative,w_1.0,h_1.0,fl_layer_apply/bbc6e640-6215-40e7-abc8-21b7db60962a/NIKE+FLEX+PLUS+2+%28GS%29.png",https://www.nike.com/ph/t/flex-plus-2-older-running-shoes-PbFFJC/DV8999-003,4828.2,3380.52
https://www.nike.com/ph/t/star-runner-5-shoes-iffzF02n/HF7006-400,"https://static.nike.com/a/images/t_web_pw_592_v2/f_auto/u_9ddf04c7-2a9a-4d76-add1-d15af8f0263d,c_scale,fl_relative,w_1.0,h_1.0,fl_layer_apply/479c5816-d823-44e2-a373-06b50613bf3f/NIKE+STAR+RUNNER+5+%28TD%29.png",https://www.nike.com/ph/t/star-runner-5-shoes-iffzF02n/HF7006-400,4048.2,2834.52
https://www.nike.com/ph/t/paris-saint-germain-diamond-shorts-n6C1m2EX/HV3432-060,"https://static.nike.com/a/images/t_web_pw_592_v2/f_auto/u_126ab356-44d8-4a06-89b4-fcdcc8df0245,c_scale,fl_relative,w_1.0,h_1.0,fl_layer_apply/297fd011-a3c4-4c7e-97d6-06c6a22f2c87/M+J+PSG+DMND+SHORT.png",https://www.nike.com/ph/t/paris-saint-germain-diamond-shorts-n6C1m2EX/HV3432-060,3268.2,2942.16
https://www.nike.com/ph/t/dri-fit-miler-older-training-top-ddfMq2/DD3055-010,https://static.nike.com/a/images/t_web_pw_592_v2/f_auto/a64ffe44-e504-46b5-b5da-e93edad2d6ab/B+NK+DF+SS+MILER+TOP.png,https://www.nike.com/ph/t/dri-fit-miler-older-training-top-ddfMq2/DD3055-010,1630.2,1467.96
https://www.nike.com/ph/t/dri-fit-victory-long-sleeve-golf-polo-DL65BK/DN2345-100,https://static.nike.com/a/images/t_web_pw_592_v2/f_auto/d773e179-97eb-46fe-82d6-e055eec99107/AS+M+NK+DF+VCTRY+SOLID+LS+POLO.png,https://www.nike.com/ph/t/dri-fit-victory-long-sleeve-golf-polo-DL65BK/DN2345-100,4048.2,3238.56
https://www.nike.com/ph/t/brasilia-backpack-zPMJ8WhV/HV6638-480,"https://static.nike.com/a/images/t_web_pw_592_v2/f_auto/u_9ddf04c7-2a9a-4d76-add1-d15af8f0263d,c_scale,fl_relative,w_1.0,h_1.0,fl_layer_apply/a659c11b-b603-428e-8ab6-fa3ac9a03f83/Y+NK+BRSLA+BKPK+-+CAT+AOP+FA25.png",https://www.nike.com/ph/t/brasilia-backpack-zPMJ8WhV/HV6638-480,2800.2,1680.12
https://www.nike.com/ph/t/terra-manta-shoes-3LlBvq/HQ1940-101,"https://static.nike.com/a/images/t_web_pw_592_v2/f_auto/u_9ddf04c7-2a9a-4d76-add1-d15af8f0263d,c_scale,fl_relative,w_1.0,h_1.0,fl_layer_apply/084c295d-0114-418e-8ed0-51004de0cd41/W+NIKE+TERRA+MANTA.png",https://www.nike.com/ph/t/terra-manta-shoes-3LlBvq/HQ1940-101,7480.2,5236.92
https://www.nike.com/ph/t/aura-backpack-8g97mWnG/IB6197-229,"https://static.nike.com/a/images/t_web_pw_592_v2/f_auto/u_9ddf04c7-2a9a-4d76-add1-d15af8f0263d,c_scale,fl_relative,w_1.0,h_1.0,fl_layer_apply/cb86cfc4-ff2a-473f-852b-07f6492924d3/NK+AURA+BKPK-CORD.png",https://www.nike.com/ph/t/aura-backpack-8g97mWnG/IB6197-229,5296.2,4236.96
https://www.nike.com/ph/t/air-max-bia-shoes-4XSQu0HV/IF2624-006,"https://static.nike.com/a/images/t_web_pw_592_v2/f_auto/u_9ddf04c7-2a9a-4d76-add1-d15af8f0263d,c_scale,fl_relative,w_1.0,h_1.0,fl_layer_apply/9165b0e5-2508-4815-86a4-ea89aab8d468/AIR+MAX+BIA.png",https://www.nike.com/ph/t/air-max-bia-shoes-4XSQu0HV/IF2624-006,8104.2,4862.52
https://www.nike.com/ph/t/pro-graphic-cap-qURjBG5i/HV7015-324,"https://static.nike.com/a/images/t_web_pw_592_v2/f_auto/u_9ddf04c7-2a9a-4d76-add1-d15af8f0263d,c_scale,fl_relative,w_1.0,h_1.0,fl_layer_apply/38521382-b805-4c17-ac4e-2326fb865097/U+NK+PRO+CAP+US+FB+ALBATROSS.png",https://www.nike.com/ph/t/pro-graphic-cap-qURjBG5i/HV7015-324,2020.2,1212.12
https://www.nike.com/ph/t/phantom-6-low-elite-erling-haaland-football-boot-AsEfKqYR/HQ2332-800,"https://static.nike.com/a/images/t_web_pw_592_v2/f_auto/u_9ddf04c7-2a9a-4d76-add1-d15af8f0263d,c_scale,fl_relative,w_1.0,h_1.0,fl_layer_apply/5a866b6f-6088-4340-903c-376756799cc5/PHANTOM+6+LOW+ELITE+FG+EH.png",https://www.nike.com/ph/t/phantom-6-low-elite-erling-haaland-football-boot-AsEfKqYR/HQ2332-800,23392.2,16375.32
https://www.nike.com/ph/t/gt-hustle-academy-ep-basketball-shoes-dTknbG/FJ7808-006,"https://static.nike.com/a/images/t_web_pw_592_v2/f_auto/u_9ddf04c7-2a9a-4d76-add1-d15af8f0263d,c_scale,fl_relative,w_1.0,h_1.0,fl_layer_apply/c9bcb39a-5a2d-4bdd-979a-9a8b4883beac/G.T.+HUSTLE+ACADEMY+EP.png",https://www.nike.com/ph/t/gt-hustle-academy-ep-basketball-shoes-dTknbG/FJ7808-006,7792.2,6233.76
https://www.nike.com/ph/t/one-high-waisted-20-5cm-biker-shorts-with-pockets-w5vRxJ/FZ6759-010,https://static.nike.com/a/images/t_web_pw_592_v2/f_auto/dc00f28b-8208-4f82-bb78-a6462181501c/AS+W+NK+DF+ONE+HR+8IN+PKT+SHOR.png,https://www.nike.com/ph/t/one-high-waisted-20-5cm-biker-shorts-with-pockets-w5vRxJ/FZ6759-010,3268.2,2942.16
https://www.nike.com/ph/t/infinity-g-nn-golf-shoes-VrmKHn/FN0565-100,"https://static.nike.com/a/images/t_web_pw_592_v2/f_auto/u_9ddf04c7-2a9a-4d76-add1-d15af8f0263d,c_scale,fl_relative,w_1.0,h_1.0,fl_layer_apply/d83a413d-c525-4787-a321-cfbc39fb83f0/NIKE+INFINITY+G+NN+%28W%29.png",https://www.nike.com/ph/t/infinity-g-nn-golf-shoes-VrmKHn/FN0565-100,6388.2,5750.16
https://www.nike.com/ph/t/court-borough-low-recraft-older-shoes-B7GDhX/HM6293-480,"https://static.nike.com/a/images/t_web_pw_592_v2/f_auto/u_9ddf04c7-2a9a-4d76-add1-d15af8f0263d,c_scale,fl_relative,w_1.0,h_1.0,fl_layer_apply/cdf5a762-f5e8-4a26-9365-f1251968bd3c/COURT+BOROUGH+LOW+RECRAFT+GS.png",https://www.nike.com/ph/t/court-borough-low-recraft-older-shoes-B7GDhX/HM6293-480,4516.2,3612.96
https://www.nike.com/ph/t/one-fitted-dri-fit-cropped-tank-top-iIUmljNW/HV3654-441,https://static.nike.com/a/images/t_web_pw_592_v2/f_auto/9e183525-0ba9-4830-a12d-25e26b8359e8/AS+W+NK+ONE+DF+FTTD+SS+TOP.png,https://www.nike.com/ph/t/one-fitted-dri-fit-cropped-tank-top-iIUmljNW/HV3654-441,3112.2,2801.76
https://www.nike.com/ph/t/club-unstructured-cap-dYQ2UXNz/FZ5698-675,"https://static.nike.com/a/images/t_web_pw_592_v2/f_auto/u_9ddf04c7-2a9a-4d76-add1-d15af8f0263d,c_scale,fl_relative,w_1.0,h_1.0,fl_layer_apply/93bb3388-b489-4d19-9e7c-f53b8cc6d49d/U+NK+CLUB+CAP+U+CB+SM+SWSH+L.png",https://www.nike.com/ph/t/club-unstructured-cap-dYQ2UXNz/FZ5698-675,1630.2,1141.92
https://www.nike.com/ph/t/vomero-18-road-running-shoes-snsbkH/HM6803-700,"https://static.nike.com/a/images/t_web_pw_592_v2/f_auto/u_9ddf04c7-2a9a-4d76-add1-d15af8f0263d,c_scale,fl_relative,w_1.0,h_1.0,fl_layer_apply/811c111a-ce5b-4990-b5b2-b7ebb4cd6f68/NIKE+VOMERO+18.png",https://www.nike.com/ph/t/vomero-18-road-running-shoes-snsbkH/HM6803-700,13096.2,10476.96
https://www.nike.com/ph/t/one-high-waisted-7-8-leggings-WrKyRuU1/HV2293-010,https://static.nike.com/a/images/t_web_pw_592_v2/f_auto/5563020e-159d-4244-acb1-e4a423c5b06a/AS+W+NK+ONE+DF+HR+7%2F8+TIGHT.png,https://www.nike.com/ph/t/one-high-waisted-7-8-leggings-WrKyRuU1/HV2293-010,4204.2,3363.36
https://www.nike.com/ph/t/air-jordan-pro-adjustable-unstructured-hat-xVF4HS/HQ9231-309,"https://static.nike.com/a/images/t_web_pw_592_v2/f_auto/u_126ab356-44d8-4a06-89b4-fcdcc8df0245,c_scale,fl_relative,w_1.0,h_1.0,fl_layer_apply/f81168fa-e4c3-4ec5-8e32-0fe879dd06cc/U+J+PRO+CAP+US+FB+AJ+DC5PNL+RS.png",https://www.nike.com/ph/t/air-jordan-pro-adjustable-unstructured-hat-xVF4HS/HQ9231-309,2176.2,1196.52
https://www.nike.com/ph/t/kobe-older-dri-fit-shorts-t9T2dT/HJ1005-010,https://static.nike.com/a/images/t_web_pw_592_v2/f_auto/88eaa62f-f0bc-428b-9ccf-d56421034cd8/KB+K+NK+DF+FUND+SHORT.png,https://www.nike.com/ph/t/kobe-older-dri-fit-shorts-t9T2dT/HJ1005-010,2176.2,1959.36
https://www.nike.com/ph/t/air-max-fire-shoes-F6Szx6AD/IF2621-002,"https://static.nike.com/a/images/t_web_pw_592_v2/f_auto/u_9ddf04c7-2a9a-4d76-add1-d15af8f0263d,c_scale,fl_relative,w_1.0,h_1.0,fl_layer_apply/4ab163a9-8edd-40d0-a5a0-b60f76d3f36c/AIR+MAX+FIRE.png",https://www.nike.com/ph/t/air-max-fire-shoes-F6Szx6AD/IF2621-002,9040.2,5424.12
https://www.nike.com/ph/t/air-max-nova-shoes-nWBpr9/FN4461-128,"https://static.nike.com/a/images/t_web_pw_592_v2/f_auto/u_9ddf04c7-2a9a-4d76-add1-d15af8f0263d,c_scale,fl_relative,w_1.0,h_1.0,fl_layer_apply/e4985b94-cd72-4f5e-b5fa-144e3dced14d/NIKE+AIR+MAX+NOVA+%28TD%29.png",https://www.nike.com/ph/t/air-max-nova-shoes-nWBpr9/FN4461-128,4516.2,3162.12
https://www.nike.com/ph/t/pegasus-trail-5-gore-tex-waterproof-trail-running-shoes-dH4xpW/FQ0912-200,"https://static.nike.com/a/images/t_web_pw_592_v2/f_auto/u_9ddf04c7-2a9a-4d76-add1-d15af8f0263d,c_scale,fl_relative,w_1.0,h_1.0,fl_layer_apply/fe8001c1-abb6-4f4f-97d9-c33078b6c032/W+PEGASUS+TRAIL+5+GTX.png",https://www.nike.com/ph/t/pegasus-trail-5-gore-tex-waterproof-trail-running-shoes-dH4xpW/FQ0912-200,14656.2,10260.12
https://www.nike.com/ph/t/juniper-trail-2-gore-tex-waterproof-trail-running-shoes-RsrAoFED/HM9734-600,"https://static.nike.com/a/images/t_web_pw_592_v2/f_auto/u_9ddf04c7-2a9a-4d76-add1-d15af8f0263d,c_scale,fl_relative,w_1.0,h_1.0,fl_layer_apply/613588ab-6745-4156-8673-6a79f13dac1e/NIKE+JUNIPER+TRAIL+2+GTX+V2.png",https://www.nike.com/ph/t/juniper-trail-2-gore-tex-waterproof-trail-running-shoes-RsrAoFED/HM9734-600,9976.2,6984.12
https://www.nike.com/ph/t/icon-woven-basketball-trousers-cPJhFl/FZ0251-010,https://static.nike.com/a/images/t_web_pw_592_v2/f_auto/ad6a1961-3bc2-4088-81b6-f24c2722ecaa/AS+M+NK+DF+WVN+ICON+PANT+STRTF.png,https://www.nike.com/ph/t/icon-woven-basketball-trousers-cPJhFl/FZ0251-010,4828.2,2896.92
https://www.nike.com/ph/t/jordan-lightweight-draft-jacket-SFdJZM/IB7255-257,"https://static.nike.com/a/images/t_web_pw_592_v2/f_auto/u_126ab356-44d8-4a06-89b4-fcdcc8df0245,c_scale,fl_relative,w_1.0,h_1.0,fl_layer_apply/a265625c-2d22-4459-816b-bc4fe652e027/M+J+LWT+DRAFT+JKT+UV.png",https://www.nike.com/ph/t/jordan-lightweight-draft-jacket-SFdJZM/IB7255-257,6700.2,4020.12
https://www.nike.com/ph/t/tech-fleece-joggers-jlr5lSHu/HV0960-057,https://static.nike.com/a/images/t_web_pw_592_v2/f_auto/5a516cd2-b727-42d2-bd40-2a4d3f1121d2/AS+M+NK+TCH+FLC+JGGR.png,https://www.nike.com/ph/t/tech-fleece-joggers-jlr5lSHu/HV0960-057,7480.2,5236.92
https://www.nike.com/ph/t/one-dri-fit-high-waisted-8cm-2-in-1-shorts-lwIgFAhU/IM7517-394,https://static.nike.com/a/images/t_web_pw_592_v2/f_auto/755dd4b3-8def-49ea-8232-12b5f232bc4a/AS+W+NK+ONE+DF+3IN+2N1+SHORT+W.png,https://www.nike.com/ph/t/one-dri-fit-high-waisted-8cm-2-in-1-shorts-lwIgFAhU/IM7517-394,3424.2,3082.56
https://www.nike.com/ph/t/pegasus-plus-road-running-shoes-DW06JM/FQ7261-102,"https://static.nike.com/a/images/t_web_pw_592_v2/f_auto/u_9ddf04c7-2a9a-4d76-add1-d15af8f0263d,c_scale,fl_relative,w_1.0,h_1.0,fl_layer_apply/4b8347d7-5e46-4997-820f-33fb3dc3d63a/W+PEGASUS+PLUS.png",https://www.nike.com/ph/t/pegasus-plus-road-running-shoes-DW06JM/FQ7261-102,15436.2,9261.72
https://www.nike.com/ph/t/miler-dri-fit-running-tank-top-ootz1B0L/HV6909-084,https://static.nike.com/a/images/t_web_pw_592_v2/f_auto/b1c36594-285d-40a9-b44d-90eea9e3c7a8/AS+M+NK+DF+RN+ENRGY+MILER+TANK.png,https://www.nike.com/ph/t/miler-dri-fit-running-tank-top-ootz1B0L/HV6909-084,2644.2,1586.52
https://www.nike.com/ph/t/mercurial-vapor-16-club-multi-ground-low-top-football-boot-1Tzddj/FQ8441-800,"https://static.nike.com/a/images/t_web_pw_592_v2/f_auto/u_9ddf04c7-2a9a-4d76-add1-d15af8f0263d,c_scale,fl_relative,w_1.0,h_1.0,fl_layer_apply/c503b127-cd38-4769-8f3c-a12f313fcf29/VAPOR+16+CLUB+FG%2FMG.png",https://www.nike.com/ph/t/mercurial-vapor-16-club-multi-ground-low-top-football-boot-1Tzddj/FQ8441-800,4516.2,2483.52
https://www.nike.com/ph/t/air-force-1-07-next-nature-shoes-nCJ6Wb/DV3808-113,"https://static.nike.com/a/images/t_web_pw_592_v2/f_auto/u_9ddf04c7-2a9a-4d76-add1-d15af8f0263d,c_scale,fl_relative,w_1.0,h_1.0,fl_layer_apply/0212fb90-bf3b-4d0f-b702-d3a99ae4a630/WMNS+AIR+FORCE+1+%2707+NN.png",https://www.nike.com/ph/t/air-force-1-07-next-nature-shoes-nCJ6Wb/DV3808-113,9664.2,5798.52
https://www.nike.com/ph/t/windrunner-loose-uv-woven-jacket-nRGfNqM5/FV6305-017,https://static.nike.com/a/images/t_web_pw_592_v2/f_auto/21fb3975-eea0-405f-bd75-0f263eedbc6d/AS+W+NSW+NK+WR+WVN+UV+FZ+JKT.png,https://www.nike.com/ph/t/windrunner-loose-uv-woven-jacket-nRGfNqM5/FV6305-017,7012.2,4207.32
https://www.nike.com/ph/t/indy-artist-collection-light-support-padded-wrap-sports-bra-9oAObxes/HQ3955-423,https://static.nike.com/a/images/t_web_pw_592_v2/f_auto/96c376ef-1fe0-446a-8cb2-2fa4299e31f0/AS+W+NK+INDY+DF+WRP+BRA+SFG.png,https://www.nike.com/ph/t/indy-artist-collection-light-support-padded-wrap-sports-bra-9oAObxes/HQ3955-423,3892.2,2725.32
https://www.nike.com/ph/t/juniper-trail-2-gore-tex-waterproof-trail-running-shoes-61f57n/HM9734-302,"https://static.nike.com/a/images/t_web_pw_592_v2/f_auto/u_9ddf04c7-2a9a-4d76-add1-d15af8f0263d,c_scale,fl_relative,w_1.0,h_1.0,fl_layer_apply/03d4f14c-63ec-425b-b2ed-912113d9698f/NIKE+JUNIPER+TRAIL+2+GTX+V2.png",https://www.nike.com/ph/t/juniper-trail-2-gore-tex-waterproof-trail-running-shoes-61f57n/HM9734-302,9976.2,7980.96
https://www.nike.com/ph/t/swift-dri-fit-short-sleeve-running-top-zdlJVnoR/IB5875-353,https://static.nike.com/a/images/t_web_pw_592_v2/f_auto/8370b8d7-c158-4be2-8e63-a2e168a3f666/AS+W+NK+SWIFT+NVLT+DF+SS+TOP.png,https://www.nike.com/ph/t/swift-dri-fit-short-sleeve-running-top-zdlJVnoR/IB5875-353,3736.2,2241.72
https://www.nike.com/ph/t/air-max-dn-shoes-drXjb8/FJ3145-102,"https://static.nike.com/a/images/t_web_pw_592_v2/f_auto/u_9ddf04c7-2a9a-4d76-add1-d15af8f0263d,c_scale,fl_relative,w_1.0,h_1.0,fl_layer_apply/942e739a-e836-426d-870e-d8340042225c/W+AIR+MAX+DN.png",https://www.nike.com/ph/t/air-max-dn-shoes-drXjb8/FJ3145-102,13096.2,7202.52
https://www.nike.com/ph/t/sportswear-older-long-sleeve-fleece-top-O7ph0Y2k/HV0408-047,https://static.nike.com/a/images/t_web_pw_592_v2/f_auto/917bdb07-5b57-4b67-9991-65046aef414b/G+NSW+FLC+LS+TOP+2+COZY.png,https://www.nike.com/ph/t/sportswear-older-long-sleeve-fleece-top-O7ph0Y2k/HV0408-047,3892.2,3113.76
https://www.nike.com/ph/t/jordan-pro-structured-hat-vCXV8s/HV1169-010,"https://static.nike.com/a/images/t_web_pw_592_v2/f_auto/u_126ab356-44d8-4a06-89b4-fcdcc8df0245,c_scale,fl_relative,w_1.0,h_1.0,fl_layer_apply/636811b3-33db-41da-9495-f5de4759bfd0/U+J+PRO+CAP+S+FB+BR+SNKR+PTCH.png",https://www.nike.com/ph/t/jordan-pro-structured-hat-vCXV8s/HV1169-010,2176.2,1740.96
https://www.nike.com/ph/t/tatum-dri-fit-woven-shorts-FeBV3xGb/IH0598-010,"https://static.nike.com/a/images/t_web_pw_592_v2/f_auto/u_126ab356-44d8-4a06-89b4-fcdcc8df0245,c_scale,fl_relative,w_1.0,h_1.0,fl_layer_apply/d0ae6d1f-4ec2-474a-a9db-ee7735b6110a/M+J+DF+SPRT+WOVEN+SHORT+JT.png",https://www.nike.com/ph/t/tatum-dri-fit-woven-shorts-FeBV3xGb/IH0598-010,3424.2,2739.36
https://www.nike.com/ph/t/pro-dri-fit-tank-top-vKwmoOb6/HV3668-010,https://static.nike.com/a/images/t_web_pw_592_v2/f_auto/030f8ec1-1f81-419e-931a-2059680e4ffb/AS+W+NP+TANK+GG+GRX.png,https://www.nike.com/ph/t/pro-dri-fit-tank-top-vKwmoOb6/HV3668-010,3268.2,2614.56
https://www.nike.com/ph/t/dri-fit-13cm-mesh-basketball-shorts-D5d0iDqJ/IB1883-068,https://static.nike.com/a/images/t_web_pw_592_v2/f_auto/40860a58-2792-488e-a23b-a64ec3ab7fa0/AS+M+NK+DF+5IN+MESH+SHORT+NAOS.png,https://www.nike.com/ph/t/dri-fit-13cm-mesh-basketball-shorts-D5d0iDqJ/IB1883-068,7012.2,4207.32
https://www.nike.com/ph/t/sb-dri-fit-jacquard-skate-top-UTL9XvOG/HV4458-133,https://static.nike.com/a/images/t_web_pw_592_v2/f_auto/38cc4ea3-45e8-493e-923e-e2771d4dd5e4/AS+U+NK+SB+DF+JACQ+JRSY+TOP+2.png,https://www.nike.com/ph/t/sb-dri-fit-jacquard-skate-top-UTL9XvOG/HV4458-133,4516.2,2709.72
https://www.nike.com/ph/t/swift-dri-fit-mid-rise-2-in-1-printed-running-shorts-Zh6nMB/IB5849-353,https://static.nike.com/a/images/t_web_pw_592_v2/f_auto/763d7356-23eb-4843-9850-fa3262acde70/AS+W+NK+SWT+NVLT+DF+MR+2IN1.png,https://www.nike.com/ph/t/swift-dri-fit-mid-rise-2-in-1-printed-running-shorts-Zh6nMB/IB5849-353,4516.2,3162.12
https://www.nike.com/ph/t/tech-fleece-windrunner-jacket-Y89GMT0q/IF1326-034,https://static.nike.com/a/images/t_web_pw_592_v2/f_auto/3e3a2d42-1b18-4667-a898-854dfc05883a/AS+M+NK+TECH+FLC+PRO+WR+FZ+JKT.png,https://www.nike.com/ph/t/tech-fleece-windrunner-jacket-Y89GMT0q/IF1326-034,9352.2,7481.76
https://www.nike.com/ph/t/chicago-bulls-courtside-windrunner-nba-anorak-jacket-AJOaiykV/HM8525-657,"https://static.nike.com/a/images/t_web_pw_592_v2/f_auto/u_9ddf04c7-2a9a-4d76-add1-d15af8f0263d,c_scale,fl_relative,w_1.0,h_1.0,fl_layer_apply/757b12e9-8a22-42d4-8979-a769cd3fb6e3/CHI+MNK+WR+ANORAK+CTS.png",https://www.nike.com/ph/t/chicago-bulls-courtside-windrunner-nba-anorak-jacket-AJOaiykV/HM8525-657,6388.2,3832.92
https://www.nike.com/ph/t/swift-dri-fit-mid-rise-2-in-1-running-shorts-91NJpd/HJ5377-036,https://static.nike.com/a/images/t_web_pw_592_v2/f_auto/3c58043c-770f-498a-bd25-531746e91046/AS+W+NK+SWIFT+DF+MR+2N1+SHRT.png,https://www.nike.com/ph/t/swift-dri-fit-mid-rise-2-in-1-running-shorts-91NJpd/HJ5377-036,3424.2,2739.36
https://www.nike.com/ph/t/jordan-sport-10cm-diamond-shorts-VcZ6lM/FN5134-392,"https://static.nike.com/a/images/t_web_pw_592_v2/f_auto/u_126ab356-44d8-4a06-89b4-fcdcc8df0245,c_scale,fl_relative,w_1.0,h_1.0,fl_layer_apply/a4927ea5-9bf4-413f-b2ae-25e33677702e/W+J+SPT+DMND+SHORT+4%22.png",https://www.nike.com/ph/t/jordan-sport-10cm-diamond-shorts-VcZ6lM/FN5134-392,3112.2,1867.32
https://www.nike.com/ph/t/standard-issue-pullover-basketball-hoodie-sfxV6uEW/HV3517-068,https://static.nike.com/a/images/t_web_pw_592_v2/f_auto/087512f3-1916-4630-b5f8-197373876a85/AS+M+NK+TF+SI+BRSH+PO+HD+NAOS.png,https://www.nike.com/ph/t/standard-issue-pullover-basketball-hoodie-sfxV6uEW/HV3517-068,9040.2,5424.12
https://www.nike.com/ph/t/one-dri-fit-loose-7-5cm-brief-lined-shorts-ERP37XRJ/HV3504-010,https://static.nike.com/a/images/t_web_pw_592_v2/f_auto/0760f24b-eb6d-4a5c-be2c-66c9712376e1/AS+W+NK+ONE+DF+HR+3IN+BR+SHORT.png,https://www.nike.com/ph/t/one-dri-fit-loose-7-5cm-brief-lined-shorts-ERP37XRJ/HV3504-010,3112.2,2489.76
https://www.nike.com/ph/t/pro-golf-cap-WfzSMBVf/IB8543-100,"https://static.nike.com/a/images/t_web_pw_592_v2/f_auto/u_9ddf04c7-2a9a-4d76-add1-d15af8f0263d,c_scale,fl_relative,w_1.0,h_1.0,fl_layer_apply/13bdc98d-9e8c-4d6b-ad53-e01257ad6549/U+NK+PRO+CAP+US+FB+GOLF+INC.png",https://www.nike.com/ph/t/pro-golf-cap-WfzSMBVf/IB8543-100,2020.2,1616.16
https://www.nike.com/ph/t/air-max-nuaxis-shoes-2GDM9K/HF1233-101,"https://static.nike.com/a/images/t_web_pw_592_v2/f_auto/u_9ddf04c7-2a9a-4d76-add1-d15af8f0263d,c_scale,fl_relative,w_1.0,h_1.0,fl_layer_apply/20f14d48-36de-4856-a779-eb29f259326e/W+NIKE+AIR+MAX+NUAXIS.png",https://www.nike.com/ph/t/air-max-nuaxis-shoes-2GDM9K/HF1233-101,7792.2,4675.32
https://www.nike.com/ph/t/total-90-dri-fit-football-shirt-9csqEFID/IB4219-719,https://static.nike.com/a/images/t_web_pw_592_v2/f_auto/2425da53-dcf3-4745-aa34-07b3f7728295/AS+M+NK+DF+T90+ENERGY+JSY+6.png,https://www.nike.com/ph/t/total-90-dri-fit-football-shirt-9csqEFID/IB4219-719,4672.2,2803.32
https://www.nike.com/ph/t/jam-shoes-vNLdFr/FN0314-006,"https://static.nike.com/a/images/t_web_pw_592_v2/f_auto/u_9ddf04c7-2a9a-4d76-add1-d15af8f0263d,c_scale,fl_relative,w_1.0,h_1.0,fl_layer_apply/77dee701-58cc-435d-b9b5-aefa272cb6bd/NIKE+JAM.png",https://www.nike.com/ph/t/jam-shoes-vNLdFr/FN0314-006,10756.2,6453.72
https://www.nike.com/ph/t/pegasus-trail-5-gore-tex-waterproof-trail-running-shoes-3LbCWQ/FQ0908-013,"https://static.nike.com/a/images/t_web_pw_592_v2/f_auto/u_9ddf04c7-2a9a-4d76-add1-d15af8f0263d,c_scale,fl_relative,w_1.0,h_1.0,fl_layer_apply/b6b18fe6-6c74-49a4-99ea-760cd1862df7/NIKE+PEGASUS+TRAIL+5+GTX.png",https://www.nike.com/ph/t/pegasus-trail-5-gore-tex-waterproof-trail-running-shoes-3LbCWQ/FQ0908-013,14656.2,11724.96
https://www.nike.com/ph/t/team-hustle-d-12-younger-shoes-jZj4M6/HF6280-101,"https://static.nike.com/a/images/t_web_pw_592_v2/f_auto/u_9ddf04c7-2a9a-4d76-add1-d15af8f0263d,c_scale,fl_relative,w_1.0,h_1.0,fl_layer_apply/a2b37f8e-f8b8-419a-b6dc-8e763eab3ba5/TEAM+HUSTLE+D+12+%28PS%29.png",https://www.nike.com/ph/t/team-hustle-d-12-younger-shoes-jZj4M6/HF6280-101,4828.2,3862.56
https://www.nike.com/ph/t/aeroswift-dri-fit-adv-5cm-running-shorts-cWsY1WLr/HV2646-702,https://static.nike.com/a/images/t_web_pw_592_v2/f_auto/dca44594-990e-4792-8fc7-eadde3e84ae3/AS+M+NK+DFADV+AROSWFT+2IN+EE+A.png,https://www.nike.com/ph/t/aeroswift-dri-fit-adv-5cm-running-shorts-cWsY1WLr/HV2646-702,6076.2,4860.96
https://www.nike.com/ph/t/court-vision-mid-next-nature-shoes-VKCWFj/DN3577-101,"https://static.nike.com/a/images/t_web_pw_592_v2/f_auto/u_9ddf04c7-2a9a-4d76-add1-d15af8f0263d,c_scale,fl_relative,w_1.0,h_1.0,fl_layer_apply/a4b9a6fb-fbc5-485b-ae0b-f1263d3df85a/NIKE+COURT+VISION+MID+NN.png",https://www.nike.com/ph/t/court-vision-mid-next-nature-shoes-VKCWFj/DN3577-101,6076.2,4257.24
https://www.nike.com/ph/t/multi-older-dri-fit-short-sleeve-top-Vz4jbp/HF8100-010,https://static.nike.com/a/images/t_web_pw_592_v2/f_auto/9a86ed9d-5c6f-45dc-b4c2-8571e0cea597/B+NK+DF+MULTI+SS+TOP+HBR.png,https://www.nike.com/ph/t/multi-older-dri-fit-short-sleeve-top-Vz4jbp/HF8100-010,1786.2,1428.96
https://www.nike.com/ph/t/air-poly-knit-jacket-iCmm5K1o/IB2146-010,https://static.nike.com/a/images/t_web_pw_592_v2/f_auto/875a6d0b-7dc8-44b8-b556-935552e0ecf3/AS+M+NIKE+AIR+PK+FZ+JKT.png,https://www.nike.com/ph/t/air-poly-knit-jacket-iCmm5K1o/IB2146-010,5452.2,4361.76
https://www.nike.com/ph/t/stride-dri-fit-12-5cm-brief-lined-perforated-running-shorts-qjTDHzem/HV2194-499,https://static.nike.com/a/images/t_web_pw_592_v2/f_auto/53ca4a30-12b0-471f-8af9-b5eed3813e8e/AS+M+NK+DF+STRIDE+5BF+PRFRTD+S.png,https://www.nike.com/ph/t/stride-dri-fit-12-5cm-brief-lined-perforated-running-shorts-qjTDHzem/HV2194-499,4048.2,2428.92
https://www.nike.com/ph/t/indy-high-support-padded-front-zip-sports-bra-bjsAp6g5/HQ2752-667,https://static.nike.com/a/images/t_web_pw_592_v2/f_auto/ea72f083-5ee2-4465-bf53-795d50e3e383/AS+W+NK+INDY+HS+ZIP+BRA.png,https://www.nike.com/ph/t/indy-high-support-padded-front-zip-sports-bra-bjsAp6g5/HQ2752-667,4516.2,3612.96
https://www.nike.com/ph/t/aura-crescent-cross-body-bag-fPAlRMez/IB6207-229,"https://static.nike.com/a/images/t_web_pw_592_v2/f_auto/u_9ddf04c7-2a9a-4d76-add1-d15af8f0263d,c_scale,fl_relative,w_1.0,h_1.0,fl_layer_apply/be97d5bc-f97b-4352-ad7a-5e673be473c4/NK+AURA+CRSCNT+CRSSBY-CORD.png",https://www.nike.com/ph/t/aura-crescent-cross-body-bag-fPAlRMez/IB6207-229,3892.2,3113.76
https://www.nike.com/ph/t/jordan-sport-dri-fit-high-waisted-15cm-shorts-PMR9ALOR/HQ9768-010,"https://static.nike.com/a/images/t_web_pw_592_v2/f_auto/u_126ab356-44d8-4a06-89b4-fcdcc8df0245,c_scale,fl_relative,w_1.0,h_1.0,fl_layer_apply/4feedfef-0e2c-40d5-b0ef-b6b632b377b9/W+J+SPT+DF+PRCT+HR+6IN+SHRT.png",https://www.nike.com/ph/t/jordan-sport-dri-fit-high-waisted-15cm-shorts-PMR9ALOR/HQ9768-010,3112.2,2489.76
https://www.nike.com/ph/t/windrunner-high-waisted-woven-open-hem-trousers-gznpsaFN/FV7656-017,https://static.nike.com/a/images/t_web_pw_592_v2/f_auto/d99f1ddf-04d8-47a7-b124-b43fb20adf6e/AS+W+NSW+NK+WR+WVN+HR+OH+P.png,https://www.nike.com/ph/t/windrunner-high-waisted-woven-open-hem-trousers-gznpsaFN/FV7656-017,5920.2,3552.12
https://www.nike.com/ph/t/older-backpack-7zS2DHym/HJ4186-610,"https://static.nike.com/a/images/t_web_pw_592_v2/f_auto/u_9ddf04c7-2a9a-4d76-add1-d15af8f0263d,c_scale,fl_relative,w_1.0,h_1.0,fl_layer_apply/81e1b0f7-8c55-43db-90aa-9959d54fcc24/Y+NK+ELMNTL+BKPK+SHOEBOX.png",https://www.nike.com/ph/t/older-backpack-7zS2DHym/HJ4186-610,2644.2,2115.36
https://www.nike.com/ph/t/academy-dri-fit-football-pants-HGLbPH/HJ3777-390,https://static.nike.com/a/images/t_web_pw_592_v2/f_auto/72cd7403-301b-4277-a172-0070d2ebbccf/AS+M+NK+DF+ACD25+PANT+KPZ+BR.png,https://www.nike.com/ph/t/academy-dri-fit-football-pants-HGLbPH/HJ3777-390,3268.2,2614.56
https://www.nike.com/ph/t/unicorn-dri-fit-adv-cushioned-crew-socks-dndqGS/FZ3399-100,"https://static.nike.com/a/images/t_web_pw_592_v2/f_auto/u_9ddf04c7-2a9a-4d76-add1-d15af8f0263d,c_scale,fl_relative,w_1.0,h_1.0,fl_layer_apply/74dbfc3d-79f5-4390-a677-a954686d244d/U+NK+UNICORN+CSH+CRW+1PR+-+160.png",https://www.nike.com/ph/t/unicorn-dri-fit-adv-cushioned-crew-socks-dndqGS/FZ3399-100,1552.2,1397.76
https://www.nike.com/ph/t/swift-high-waisted-7-8-running-leggings-with-pockets-hbWdCLhy/HJ2253-017,https://static.nike.com/a/images/t_web_pw_592_v2/f_auto/a8a3fd0d-1ea5-467a-adb2-602f209279f4/AS+W+NK+DF+SWIFT+HR+7%2F8+TIGHT.png,https://www.nike.com/ph/t/swift-high-waisted-7-8-running-leggings-with-pockets-hbWdCLhy/HJ2253-017,5140.2,3084.12
https://www.nike.com/ph/t/air-max-dn8-shoes-5hKVxC/FQ7860-011,"https://static.nike.com/a/images/t_web_pw_592_v2/f_auto/u_9ddf04c7-2a9a-4d76-add1-d15af8f0263d,c_scale,fl_relative,w_1.0,h_1.0,fl_layer_apply/891821a5-34ca-4a46-9d72-fbdecf137336/AIR+MAX+DN8.png",https://www.nike.com/ph/t/air-max-dn8-shoes-5hKVxC/FQ7860-011,16996.2,10197.72
https://www.nike.com/ph/t/aeroswift-aerogami-running-jacket-XmlQqB/FZ9040-010,https://static.nike.com/a/images/t_web_pw_592_v2/f_auto/cf1f891b-bf16-423b-ba72-a6d7b48b9424/AS+M+NK+SF+AEROSWFT+BRTBLE+JKT.png,https://www.nike.com/ph/t/aeroswift-aerogami-running-jacket-XmlQqB/FZ9040-010,18244.2,10946.52
https://www.nike.com/ph/t/swoosh-support-padded-sports-bra-TDwlZM/DX6822-499,https://static.nike.com/a/images/t_web_pw_592_v2/f_auto/3f709ba1-ab61-4051-b7fb-ae1062f931fb/AS+W+NK+SWSH+MED+SPT+BRA.png,https://www.nike.com/ph/t/swoosh-support-padded-sports-bra-TDwlZM/DX6822-499,3112.2,2801.76
https://www.nike.com/ph/t/tech-dri-fit-short-sleeve-base-layer-U8xIL5el/IB1523-010,https://static.nike.com/a/images/t_web_pw_592_v2/f_auto/616de23f-9582-4db5-9215-4c6782710a33/AS+M+NK+TCH+PRO+SS+TOP+LAYER.png,https://www.nike.com/ph/t/tech-dri-fit-short-sleeve-base-layer-U8xIL5el/IB1523-010,4516.2,2709.72
https://www.nike.com/ph/t/high-neck-tank-top-KMpKjz/HJ4252-010,https://static.nike.com/a/images/t_web_pw_592_v2/f_auto/ec8a78a5-2e4c-460d-8566-64fac131ce19/G+NK+HN+TANK+BRA+FM+SPORT.png,https://www.nike.com/ph/t/high-neck-tank-top-KMpKjz/HJ4252-010,2020.2,1110.72
https://www.nike.com/ph/t/pegasus-trail-5-trail-running-shoes-2jxMFQ/DV3864-600,"https://static.nike.com/a/images/t_web_pw_592_v2/f_auto/u_9ddf04c7-2a9a-4d76-add1-d15af8f0263d,c_scale,fl_relative,w_1.0,h_1.0,fl_layer_apply/e7245a0d-1029-4725-bba0-6a2cb9d73b32/NIKE+REACTX+PEGASUS+TRAIL+5.png",https://www.nike.com/ph/t/pegasus-trail-5-trail-running-shoes-2jxMFQ/DV3864-600,12316.2,8622.12
https://www.nike.com/ph/t/jordan-sport-dri-fit-shorts-TfNRgF/FV8618-010,"https://static.nike.com/a/images/t_web_pw_592_v2/f_auto/u_126ab356-44d8-4a06-89b4-fcdcc8df0245,c_scale,fl_relative,w_1.0,h_1.0,fl_layer_apply/e4ad8fc7-4f24-495f-880f-eb5f0790ce48/M+J+DF+SPRT+COMP+SHORT.png",https://www.nike.com/ph/t/jordan-sport-dri-fit-shorts-TfNRgF/FV8618-010,2020.2,1616.16
https://www.nike.com/ph/t/windrunner-high-waisted-woven-open-hem-trousers-HKlgbv/FV7656-010,https://static.nike.com/a/images/t_web_pw_592_v2/f_auto/72f9f024-fb6b-4771-876e-e3ed30b1361d/AS+W+NSW+NK+WR+WVN+HR+OH+P.png,https://www.nike.com/ph/t/windrunner-high-waisted-woven-open-hem-trousers-HKlgbv/FV7656-010,5920.2,4736.16
https://www.nike.com/ph/t/sportswear-futura-365-mini-backpack-nc3WGm/CW9301-016,"https://static.nike.com/a/images/t_web_pw_592_v2/f_auto/u_9ddf04c7-2a9a-4d76-add1-d15af8f0263d,c_scale,fl_relative,w_1.0,h_1.0,fl_layer_apply/60819e26-2dbc-458c-b76c-c5dc345711e7/W+NSW+FUTURA+365+MINI+BKPK.png",https://www.nike.com/ph/t/sportswear-futura-365-mini-backpack-nc3WGm/CW9301-016,2176.2,1740.96
https://www.nike.com/ph/t/swift-dri-fit-short-sleeve-running-top-BTnYXbRO/II0465-047,https://static.nike.com/a/images/t_web_pw_592_v2/f_auto/e335ee47-8616-41be-ab50-1312327e8bb7/AS+W+NK+SWIFT+DF+SS+TOP+GCEL.png,https://www.nike.com/ph/t/swift-dri-fit-short-sleeve-running-top-BTnYXbRO/II0465-047,3112.2,2179.32
https://www.nike.com/ph/t/phantom-6-low-pro-football-boot-5cJIwVOM/HJ4122-800,"https://static.nike.com/a/images/t_web_pw_592_v2/f_auto/u_9ddf04c7-2a9a-4d76-add1-d15af8f0263d,c_scale,fl_relative,w_1.0,h_1.0,fl_layer_apply/c8cc4733-2fbb-439f-b7f6-3d17f1caee7b/PHANTOM+6+LOW+PRO+FG.png",https://www.nike.com/ph/t/phantom-6-low-pro-football-boot-5cJIwVOM/HJ4122-800,14188.2,11350.56
https://www.nike.com/ph/t/giannis-freak-6-ep-basketball-shoes-Wqj5B6/FJ7807-300,"https://static.nike.com/a/images/t_web_pw_592_v2/f_auto/u_9ddf04c7-2a9a-4d76-add1-d15af8f0263d,c_scale,fl_relative,w_1.0,h_1.0,fl_layer_apply/bce3489a-3fab-400a-8965-5b8f5fde632c/GIANNIS+FREAK+6+EP.png",https://www.nike.com/ph/t/giannis-freak-6-ep-basketball-shoes-Wqj5B6/FJ7807-300,11536.2,6921.72
https://www.nike.com/ph/t/netherlands-2004-total-90-reissue-football-replica-tracksuit-bottoms-Hv2xVX29/HV4432-421,https://static.nike.com/a/images/t_web_pw_592_v2/f_auto/25690bac-4aa6-4f9d-8d31-4e996c26122e/KNVB+M+NK+REISSUE+TRK+PANT.png,https://www.nike.com/ph/t/netherlands-2004-total-90-reissue-football-replica-tracksuit-bottoms-Hv2xVX29/HV4432-421,6544.2,3926.52
https://www.nike.com/ph/t/form-short-sleeve-top-Dbgp7r/HQ8080-104,https://static.nike.com/a/images/t_web_pw_592_v2/f_auto/f5640441-f613-4a20-89c6-aee7f2c5e471/AS+W+NK+DF+SS+TOP.png,https://www.nike.com/ph/t/form-short-sleeve-top-Dbgp7r/HQ8080-104,3736.2,2241.72
https://www.nike.com/ph/t/cortez-textile-shoes-1Tm7zf/DZ2795-102,"https://static.nike.com/a/images/t_web_pw_592_v2/f_auto/u_9ddf04c7-2a9a-4d76-add1-d15af8f0263d,c_scale,fl_relative,w_1.0,h_1.0,fl_layer_apply/6fdb88bf-386c-4f74-9e05-2b33bb10b3f2/NIKE+CORTEZ.png",https://www.nike.com/ph/t/cortez-textile-shoes-1Tm7zf/DZ2795-102,7792.2,4675.32
https://www.nike.com/ph/t/jordan-brooklyn-tracksuit-bottoms-ntkJy88v/HQ9218-068,"https://static.nike.com/a/images/t_web_pw_592_v2/f_auto/u_126ab356-44d8-4a06-89b4-fcdcc8df0245,c_scale,fl_relative,w_1.0,h_1.0,fl_layer_apply/23cbb779-42bc-41dd-9e49-6570a583f637/W+J+BRK+TRK+PANT.png",https://www.nike.com/ph/t/jordan-brooklyn-tracksuit-bottoms-ntkJy88v/HQ9218-068,5140.2,3084.12
https://www.nike.com/ph/t/sonic-fly-older-running-shoes-nTmD01/FZ0017-003,"https://static.nike.com/a/images/t_web_pw_592_v2/f_auto/u_9ddf04c7-2a9a-4d76-add1-d15af8f0263d,c_scale,fl_relative,w_1.0,h_1.0,fl_layer_apply/f980dcc5-8bea-4035-a706-3882b3331f83/SONIC+FLY+%28GS%29.png",https://www.nike.com/ph/t/sonic-fly-older-running-shoes-nTmD01/FZ0017-003,5764.2,3458.52
https://www.nike.com/ph/t/air-max-90-shoes-K0mczj/DH8010-002,"https://static.nike.com/a/images/t_web_pw_592_v2/f_auto/u_9ddf04c7-2a9a-4d76-add1-d15af8f0263d,c_scale,fl_relative,w_1.0,h_1.0,fl_layer_apply/80b8277d-ede8-4885-9c37-2fe1cdf341aa/WMNS+AIR+MAX+90.png",https://www.nike.com/ph/t/air-max-90-shoes-K0mczj/DH8010-002,10288.2,6172.92
https://www.nike.com/ph/t/dri-fit-stride-13cm-brief-lined-running-shorts-6zTzxr/DM4756-446,https://static.nike.com/a/images/t_web_pw_592_v2/f_auto/3b19a2b3-76db-4ffe-bb72-798256319d74/AS+M+NK+DF+STRIDE+5IN+BF+SHRT.png,https://www.nike.com/ph/t/dri-fit-stride-13cm-brief-lined-running-shorts-6zTzxr/DM4756-446,3424.2,3082.56
https://www.nike.com/ph/t/one-light-support-padded-sports-bra-pAQwY7jw/HQ2811-036,https://static.nike.com/a/images/t_web_pw_592_v2/f_auto/50b571d7-e13a-494b-8728-100a00fc8726/AS+W+NK1+BRA+SPORT+HO.png,https://www.nike.com/ph/t/one-light-support-padded-sports-bra-pAQwY7jw/HQ2811-036,3112.2,2489.76
https://www.nike.com/ph/t/air-max-90-shoes-K0mczj/DH8010-002,"https://static.nike.com/a/images/t_web_pw_592_v2/f_auto/u_9ddf04c7-2a9a-4d76-add1-d15af8f0263d,c_scale,fl_relative,w_1.0,h_1.0,fl_layer_apply/80b8277d-ede8-4885-9c37-2fe1cdf341aa/WMNS+AIR+MAX+90.png",https://www.nike.com/ph/t/air-max-90-shoes-K0mczj/DH8010-002,10288.2,6172.92
https://www.nike.com/ph/t/dri-fit-stride-13cm-brief-lined-running-shorts-6zTzxr/DM4756-446,https://static.nike.com/a/images/t_web_pw_592_v2/f_auto/3b19a2b3-76db-4ffe-bb72-798256319d74/AS+M+NK+DF+STRIDE+5IN+BF+SHRT.png,https://www.nike.com/ph/t/dri-fit-stride-13cm-brief-lined-running-shorts-6zTzxr/DM4756-446,3424.2,3082.56
https://www.nike.com/ph/t/one-light-support-padded-sports-bra-pAQwY7jw/HQ2811-036,https://static.nike.com/a/images/t_web_pw_592_v2/f_auto/50b571d7-e13a-494b-8728-100a00fc8726/AS+W+NK1+BRA+SPORT+HO.png,https://www.nike.com/ph/t/one-light-support-padded-sports-bra-pAQwY7jw/HQ2811-036,3112.2,2489.76
https://www.nike.com/ph/t/free-2025-workout-shoes-LUT1w63P/HF2720-103,"https://static.nike.com/a/images/t_web_pw_592_v2/f_auto/u_9ddf04c7-2a9a-4d76-add1-d15af8f0263d,c_scale,fl_relative,w_1.0,h_1.0,fl_layer_apply/14c95785-ebc6-4cbc-b564-207455f0ff55/W+NIKE+FREE+2025.png",https://www.nike.com/ph/t/free-2025-workout-shoes-LUT1w63P/HF2720-103,9040.2,5424.12
https://www.nike.com/ph/t/pro-sculpt-dri-fit-high-waisted-12-5cm-biker-shorts-PE4jcV2y/HV2367-390,https://static.nike.com/a/images/t_web_pw_592_v2/f_auto/0b06a0ee-373c-4ede-81c7-ee2a5d70bf55/AS+W+NP+DF+SCULPT+HR+5IN+SRT.png,https://www.nike.com/ph/t/pro-sculpt-dri-fit-high-waisted-12-5cm-biker-shorts-PE4jcV2y/HV2367-390,3112.2,2489.76
https://www.nike.com/ph/t/form-dri-fit-open-hem-versatile-trousers-lehQmHlC/HV0391-237,https://static.nike.com/a/images/t_web_pw_592_v2/f_auto/4b6986a5-0290-465e-9080-c4aba655c3d8/AS+M+NK+DF+FORM+PANT+ALT+GFX.png,https://www.nike.com/ph/t/form-dri-fit-open-hem-versatile-trousers-lehQmHlC/HV0391-237,4360.2,2616.12
https://www.nike.com/ph/t/backpack-cVJ2Fl/BA6032-010,"https://static.nike.com/a/images/t_web_pw_592_v2/f_auto/u_9ddf04c7-2a9a-4d76-add1-d15af8f0263d,c_scale,fl_relative,w_1.0,h_1.0,fl_layer_apply/d16f2f04-e89d-4bca-89dd-3839c66ace8d/Y+NK+ELMNTL+BKPK+GFX.png",https://www.nike.com/ph/t/backpack-cVJ2Fl/BA6032-010,2488.2,1990.56
https://www.nike.com/ph/t/brasilia-backpack-2sgrxX/DV9436-010,"https://static.nike.com/a/images/t_web_pw_592_v2/f_auto/u_9ddf04c7-2a9a-4d76-add1-d15af8f0263d,c_scale,fl_relative,w_1.0,h_1.0,fl_layer_apply/b54811dd-3e36-45e6-9dcb-d776776c26b5/Y+NK+BRSLA+BKPK+-+SP23.png",https://www.nike.com/ph/t/brasilia-backpack-2sgrxX/DV9436-010,2488.2,1995.24
https://www.nike.com/ph/t/dri-fit-pro-structured-futura-cap-mQ00S5/FB5380-100,"https://static.nike.com/a/images/t_web_pw_592_v2/f_auto/u_9ddf04c7-2a9a-4d76-add1-d15af8f0263d,c_scale,fl_relative,w_1.0,h_1.0,fl_layer_apply/618ca0a2-c11c-4acd-9432-df385b040d5c/U+NK+DF+PRO+CAP+S+FB+FUT+L.png",https://www.nike.com/ph/t/dri-fit-pro-structured-futura-cap-mQ00S5/FB5380-100,2020.2,1616.16
https://www.nike.com/ph/t/aura-cross-body-bag-KhhSpj/HM6120-389,"https://static.nike.com/a/images/t_web_pw_592_v2/f_auto/u_9ddf04c7-2a9a-4d76-add1-d15af8f0263d,c_scale,fl_relative,w_1.0,h_1.0,fl_layer_apply/322d16c5-b82a-4e35-a4fa-8d20b1c872df/NK+AURA+WAISTPACK.png",https://www.nike.com/ph/t/aura-cross-body-bag-KhhSpj/HM6120-389,2488.2,1990.56
https://www.nike.com/ph/t/jordan-sport-dri-fit-3-4-length-tights-cJ9W19/FV8634-100,"https://static.nike.com/a/images/t_web_pw_592_v2/f_auto/u_126ab356-44d8-4a06-89b4-fcdcc8df0245,c_scale,fl_relative,w_1.0,h_1.0,fl_layer_apply/bbd76c50-83e6-42e2-9dc4-e39f4fbb2564/M+J+DF+SPRT+3QT+TIGHT.png",https://www.nike.com/ph/t/jordan-sport-dri-fit-3-4-length-tights-cJ9W19/FV8634-100,2176.2,1959.36
https://www.nike.com/ph/t/jordan-sport-diamond-short-sleeve-top-tnZm99/FN5116-100,"https://static.nike.com/a/images/t_web_pw_592_v2/f_auto/u_126ab356-44d8-4a06-89b4-fcdcc8df0245,c_scale,fl_relative,w_1.0,h_1.0,fl_layer_apply/386021ab-13dc-430a-836a-06025a007d19/W+J+SPT+DIAMOND+SS+TOP.png",https://www.nike.com/ph/t/jordan-sport-diamond-short-sleeve-top-tnZm99/FN5116-100,2800.2,1539.72
https://www.nike.com/ph/t/sportswear-windrunner-jacket-30UQt8Mx/HV2468-010,https://static.nike.com/a/images/t_web_pw_592_v2/f_auto/079d3673-939c-4bf3-bfd8-8efedfa9de49/AS+W+NSW+NK+LIQ+SHINE+WR+JKT.png,https://www.nike.com/ph/t/sportswear-windrunner-jacket-30UQt8Mx/HV2468-010,7480.2,5236.92
https://www.nike.com/ph/t/swoosh-sports-bra-c1sqxF/FJ7161-301,https://static.nike.com/a/images/t_web_pw_592_v2/f_auto/cacc1fa0-47e6-4911-981e-422afc657195/G+NK+DF+SWOOSH+BRA.png,https://www.nike.com/ph/t/swoosh-sports-bra-c1sqxF/FJ7161-301,1630.2,1304.16
https://www.nike.com/ph/t/air-max-dawn-shoes-LVntLp/DC4068-104,"https://static.nike.com/a/images/t_web_pw_592_v2/f_auto/u_9ddf04c7-2a9a-4d76-add1-d15af8f0263d,c_scale,fl_relative,w_1.0,h_1.0,fl_layer_apply/4592e282-af2d-4463-8ae4-656cb9eadd97/WMNS+AIR+MAX+DAWN.png",https://www.nike.com/ph/t/air-max-dawn-shoes-LVntLp/DC4068-104,9196.2,5057.52
https://www.nike.com/ph/t/universa-high-waisted-20-5cm-biker-shorts-with-no-front-seam-rpZ3fPyE/HQ6824-017,https://static.nike.com/a/images/t_web_pw_592_v2/f_auto/b9c98326-6b99-424a-b72a-1da0252f5fe4/AS+W+NK+DF+UNVRSA+HR+8IN+SHRT.png,https://www.nike.com/ph/t/universa-high-waisted-20-5cm-biker-shorts-with-no-front-seam-rpZ3fPyE/HQ6824-017,4516.2,3162.12
https://www.nike.com/ph/t/sportswear-puffer-GXuam67A/HV5102-010,https://static.nike.com/a/images/t_web_pw_592_v2/f_auto/bf1b4765-03db-4808-bfae-30816467953e/AS+W+NSW+TF+SYNFL+METRO+STRT+P.png,https://www.nike.com/ph/t/sportswear-puffer-GXuam67A/HV5102-010,17152.2,13721.76
https://www.nike.com/ph/t/pro-dri-fit-short-sleeve-cropped-graphic-top-7j4qihVx/HV3674-666,https://static.nike.com/a/images/t_web_pw_592_v2/f_auto/b0e41ea3-44ea-42a8-8caa-dee422478513/AS+W+NP+DF+SS+TOP+TT+GRX.png,https://www.nike.com/ph/t/pro-dri-fit-short-sleeve-cropped-graphic-top-7j4qihVx/HV3674-666,3112.2,2489.76
https://www.nike.com/ph/t/ava-rover-shoes-1CNHU80y/DX4215-205,"https://static.nike.com/a/images/t_web_pw_592_v2/f_auto/u_9ddf04c7-2a9a-4d76-add1-d15af8f0263d,c_scale,fl_relative,w_1.0,h_1.0,fl_layer_apply/7be1cab3-1c17-4e2c-991a-9d7b37d125c5/NIKE+AVA+ROVER.png",https://www.nike.com/ph/t/ava-rover-shoes-1CNHU80y/DX4215-205,11848.2,8294.52
https://www.nike.com/ph/t/ja-dri-fit-15cm-icon-basketball-shorts-jIQKI4kw/HV3389-736,https://static.nike.com/a/images/t_web_pw_592_v2/f_auto/ec153ca4-7874-4b6c-b95f-5fdc03d60c19/AS+JA+M+NK+DF+ICON+6IN+SHORT.png,https://www.nike.com/ph/t/ja-dri-fit-15cm-icon-basketball-shorts-jIQKI4kw/HV3389-736,3268.2,2942.16
https://www.nike.com/ph/t/one-dri-fit-high-waisted-fold-over-trousers-K3dD0M/FV7849-017,https://static.nike.com/a/images/t_web_pw_592_v2/f_auto/adcbec42-249b-47ea-afd2-5f83ae235596/AS+W+NK+DF+ONE+HR+FLDOVR+PANT.png,https://www.nike.com/ph/t/one-dri-fit-high-waisted-fold-over-trousers-K3dD0M/FV7849-017,4204.2,2943.72
https://www.nike.com/ph/t/total90-everyday-cushioned-crew-socks-rs4yX7bj/IM5021-900,"https://static.nike.com/a/images/t_web_pw_592_v2/f_auto/u_9ddf04c7-2a9a-4d76-add1-d15af8f0263d,c_scale,fl_relative,w_1.0,h_1.0,fl_layer_apply/cee7ae7f-fd02-4ff2-956d-81f67d59614f/U+NK+ED+CSH+PLY+CRW+3P-144+T90.png",https://www.nike.com/ph/t/total90-everyday-cushioned-crew-socks-rs4yX7bj/IM5021-900,1552.2,1397.76
https://www.nike.com/ph/t/air-max-90-shoes-Cnk2l7/HM8128-100,https://static.nike.com/a/images/t_web_pw_592_v2/f_auto/8e124331-e1cc-40cf-bc67-4112b91e2ce0/WMNS+AIR+MAX+90.png,https://www.nike.com/ph/t/air-max-90-shoes-Cnk2l7/HM8128-100,12316.2,7389.72
https://www.nike.com/ph/t/kevin-durant-phoenix-suns-2025-26-select-series-dri-fit-nba-swingman-jersey-WmG0hg/HJ4063-566,https://static.nike.com/a/images/t_web_pw_592_v2/f_auto/d9f55169-72c8-4503-a0a2-b65dc5e1f3ec/SEL+MNK+DF+JSY+V5+DURANT.png,https://www.nike.com/ph/t/kevin-durant-phoenix-suns-2025-26-select-series-dri-fit-nba-swingman-jersey-WmG0hg/HJ4063-566,9352.2,5611.32
https://www.nike.com/ph/t/universa-artist-collection-support-high-waisted-20cm-biker-shorts-dekJziaV/HV2372-423,https://static.nike.com/a/images/t_web_pw_592_v2/f_auto/b21af218-8081-4edf-a2c4-74ebfb979f1f/AS+W+NK+UNVRS+DF+HR+8IN+SHRT+S.png,https://www.nike.com/ph/t/universa-artist-collection-support-high-waisted-20cm-biker-shorts-dekJziaV/HV2372-423,4516.2,3162.12
https://www.nike.com/ph/t/tour-repel-flex-slim-golf-trousers-9MZHqr/FD5625-060,https://static.nike.com/a/images/t_web_pw_592_v2/f_auto/7eca4a1d-7db1-4129-9bec-2e69545d9238/AS+M+NK+TOUR+RPL+FLEX+SLIM+PNT.png,https://www.nike.com/ph/t/tour-repel-flex-slim-golf-trousers-9MZHqr/FD5625-060,6388.2,5750.16
https://www.nike.com/ph/t/tour-5-pocket-slim-golf-trousers-fM68m7/FD5616-010,https://static.nike.com/a/images/t_web_pw_592_v2/f_auto/45aee7b6-2886-4626-bfb8-64fcf1950b9c/AS+M+NK+TOUR+5+PKT+SLIM+PANT.png,https://www.nike.com/ph/t/tour-5-pocket-slim-golf-trousers-fM68m7/FD5616-010,6388.2,5750.16
https://www.nike.com/ph/t/jordan-pro-rare-air-unstructured-hat-PKjrgp/IB3009-010,"https://static.nike.com/a/images/t_web_pw_592_v2/f_auto/u_126ab356-44d8-4a06-89b4-fcdcc8df0245,c_scale,fl_relative,w_1.0,h_1.0,fl_layer_apply/51fd4c73-2e41-4eeb-aa25-ca2689420546/U+J+PRO+CAP+US+FB+RA+WASH.png",https://www.nike.com/ph/t/jordan-pro-rare-air-unstructured-hat-PKjrgp/IB3009-010,2644.2,2115.36
https://www.nike.com/ph/t/stephen-curry-golden-state-warriors-2025-26-select-series-dri-fit-nba-swingman-jersey-zsTxjq/HJ4061-495,https://static.nike.com/a/images/t_web_pw_592_v2/f_auto/17998f4b-ad3a-4c16-9066-3bd3382905d0/SEL+MNK+DF+JSY+V5+CURRY.png,https://www.nike.com/ph/t/stephen-curry-golden-state-warriors-2025-26-select-series-dri-fit-nba-swingman-jersey-zsTxjq/HJ4061-495,9352.2,6547.32
https://www.nike.com/ph/t/sportswear-phoenix-fleece-oversized-jacquard-gilet-MPPoU5x3/HV2786-010,https://static.nike.com/a/images/t_web_pw_592_v2/f_auto/c37fc221-66cf-4e91-b3f5-9282bae64554/AS+W+NSW+PHNX+FLC+OS+AOJ+VEST.png,https://www.nike.com/ph/t/sportswear-phoenix-fleece-oversized-jacquard-gilet-MPPoU5x3/HV2786-010,6076.2,5469.36
https://www.nike.com/ph/t/acg-smith-summit-uv-jacket-W51QLTsU/HV0599-364,https://static.nike.com/a/images/t_web_pw_592_v2/f_auto/4f9d819d-f794-41ca-b2e5-47b95191a981/AS+M+ACG+UV+SMITH+SUMMIT+JKT.png,https://www.nike.com/ph/t/acg-smith-summit-uv-jacket-W51QLTsU/HV0599-364,14812.2,11849.76
https://www.nike.com/ph/t/form-dri-fit-hooded-versatile-jacket-Bz3WcP/FB7483-251,https://static.nike.com/a/images/t_web_pw_592_v2/f_auto/c843f512-b2da-46ec-905e-5ed87a84ccc3/AS+M+NK+DF+FORM+HD+JKT.png,https://www.nike.com/ph/t/form-dri-fit-hooded-versatile-jacket-Bz3WcP/FB7483-251,4828.2,3380.52
https://www.nike.com/ph/t/pro-training-dri-fit-15cm-shorts-KLyTdh6C/HV0412-619,https://static.nike.com/a/images/t_web_pw_592_v2/f_auto/926e7764-af78-4e0a-9817-bad899ce4e24/AS+M+NP+DF+NPT+6IN+SHORT.png,https://www.nike.com/ph/t/pro-training-dri-fit-15cm-shorts-KLyTdh6C/HV0412-619,3424.2,3082.56
https://www.nike.com/ph/t/247-perfectstretch-dri-fit-oversized-jacket-lheRB5Cb/HJ0964-036,https://static.nike.com/a/images/t_web_pw_592_v2/f_auto/79307e2a-6c10-4371-98a2-0bce4b952547/AS+W+NK+24.7+DF+FZ+JKT+WVN.png,https://www.nike.com/ph/t/247-perfectstretch-dri-fit-oversized-jacket-lheRB5Cb/HJ0964-036,9352.2,6547.32
https://www.nike.com/ph/t/sportswear-everything-wovens-oversized-repel-uv-protection-jacket-n0yrJ3NB/HJ1000-410,https://static.nike.com/a/images/t_web_pw_592_v2/f_auto/556d1249-3085-4bdb-b512-b348dea0ded3/AS+W+NSW+EVRTHNG+WVN+RPL+UV.png,https://www.nike.com/ph/t/sportswear-everything-wovens-oversized-repel-uv-protection-jacket-n0yrJ3NB/HJ1000-410,5920.2,4144.92
https://www.nike.com/ph/t/jr-mercurial-vapor-16-club-younger-multi-ground-low-top-football-boot-mGVFqZ/FQ8290-300,"https://static.nike.com/a/images/t_web_pw_592_v2/f_auto/u_9ddf04c7-2a9a-4d76-add1-d15af8f0263d,c_scale,fl_relative,w_1.0,h_1.0,fl_layer_apply/1731b374-783e-4bb4-9172-ae78ab0f7879/JR+VAPOR+16+CLUB+MG+PS+%28V%29.png",https://www.nike.com/ph/t/jr-mercurial-vapor-16-club-younger-multi-ground-low-top-football-boot-mGVFqZ/FQ8290-300,3112.2,2489.76
https://www.nike.com/ph/t/one-seamless-front-high-waisted-full-length-leggings-XWj84v/HJ9196-010,https://static.nike.com/a/images/t_web_pw_592_v2/f_auto/e5884084-c49f-47ff-88ca-b39dfbb6515b/AS+W+NK+DF+ONE+HR+TIGHT+USEAM.png,https://www.nike.com/ph/t/one-seamless-front-high-waisted-full-length-leggings-XWj84v/HJ9196-010,3424.2,2739.36
https://www.nike.com/ph/t/academy-older-dri-fit-18cm-football-shorts-8S6rsR/HJ3718-491,https://static.nike.com/a/images/t_web_pw_592_v2/f_auto/aacf6aa4-f24e-4d14-8e0e-75b46df8214f/K+NK+DF+ACD25+SHORT+K+7IN+-PD.png,https://www.nike.com/ph/t/academy-older-dri-fit-18cm-football-shorts-8S6rsR/HJ3718-491,1630.2,1304.16
https://www.nike.com/ph/t/sportswear-tech-fleece-hoodie-vaMKSOMP/HV8695-634,https://static.nike.com/a/images/t_web_pw_592_v2/f_auto/917897a2-57c4-4da7-b9c2-f40d514d59f7/G+NSW+TCH+FLC+HD+FZ+LS+-+PD.png,https://www.nike.com/ph/t/sportswear-tech-fleece-hoodie-vaMKSOMP/HV8695-634,6232.2,4985.76
https://www.nike.com/ph/t/jordan-pro-rare-air-unstructured-hat-AIztZjI9/IB3009-324,"https://static.nike.com/a/images/t_web_pw_592_v2/f_auto/u_126ab356-44d8-4a06-89b4-fcdcc8df0245,c_scale,fl_relative,w_1.0,h_1.0,fl_layer_apply/206c6d20-2878-46bb-804c-4375efc76efa/U+J+PRO+CAP+US+FB+RA+WASH.png",https://www.nike.com/ph/t/jordan-pro-rare-air-unstructured-hat-AIztZjI9/IB3009-324,2644.2,1586.52
https://www.nike.com/ph/t/jordan-brooklyn-trousers-WAk8XR7w/HF9465-104,"https://static.nike.com/a/images/t_web_pw_592_v2/f_auto/u_126ab356-44d8-4a06-89b4-fcdcc8df0245,c_scale,fl_relative,w_1.0,h_1.0,fl_layer_apply/7455a1af-a100-4c01-b657-2e4556ec6988/W+J+BRK+NVLTY+PANT+SLD.png",https://www.nike.com/ph/t/jordan-brooklyn-trousers-WAk8XR7w/HF9465-104,6388.2,3832.92
https://www.nike.com/ph/t/tiempo-legend-10-academy-low-top-football-shoes-2gKwhN/DV4342-401,"https://static.nike.com/a/images/t_web_pw_592_v2/f_auto/u_9ddf04c7-2a9a-4d76-add1-d15af8f0263d,c_scale,fl_relative,w_1.0,h_1.0,fl_layer_apply/1b2e1d93-fb65-4bc0-a738-87b683a0275b/LEGEND+10+ACADEMY+TF.png",https://www.nike.com/ph/t/tiempo-legend-10-academy-low-top-football-shoes-2gKwhN/DV4342-401,6700.2,3684.72
https://www.nike.com/ph/t/cosmic-runner-shoes-BlG0T8/HM4401-009,"https://static.nike.com/a/images/t_web_pw_592_v2/f_auto/u_9ddf04c7-2a9a-4d76-add1-d15af8f0263d,c_scale,fl_relative,w_1.0,h_1.0,fl_layer_apply/57634c4f-6889-417e-8072-8ab27e055e13/NIKE+COSMIC+RUNNER+%28TD%29.png",https://www.nike.com/ph/t/cosmic-runner-shoes-BlG0T8/HM4401-009,3580.2,2864.16
https://www.nike.com/ph/t/universa-high-waisted-7-8-leggings-with-no-front-seam-NcBz3q/HV1187-527,https://static.nike.com/a/images/t_web_pw_592_v2/f_auto/e870585e-2357-44e7-9871-7c3b8d4b7d78/AS+W+NK+DF+UNVRSA+HR+7%2F8+TGHT.png,https://www.nike.com/ph/t/universa-high-waisted-7-8-leggings-with-no-front-seam-NcBz3q/HV1187-527,7012.2,4207.32
